id,series_type,user_id,series_id,status,score,progress,progress_volume,priority,repeat,private,notes,custom_lists,advanced_scores,hidden_default,started_on,finished_on,created_at,updated_at
447945743,1,7078392,105398,2,70,201,0,0,0,0,,[],[],0,0,0,2024-12-21 11:02:24,2024-12-21 11:04:46
447945796,1,7078392,119257,0,90,200,0,0,0,0,,[],[],0,0,0,2024-12-21 11:03:18,2024-12-26 07:29:07
447945820,1,7078392,86964,2,90,94,5,0,0,0,,[],[],0,0,0,2024-12-21 11:03:45,2024-12-21 11:04:32
447945836,1,7078392,126297,3,0,89,0,0,0,0,,[],[],0,0,0,2024-12-21 11:03:56,2025-02-10 10:46:59
447946206,1,7078392,123573,1,0,0,0,0,0,0,,[],[],0,0,0,2024-12-21 11:05:28,2024-12-31 06:59:00
447946222,1,7078392,107521,2,70,125,9,0,0,0,,[],[],0,0,20241220,2024-12-21 11:05:41,2025-01-01 04:09:28
447946232,1,7078392,119521,2,90,202,0,0,0,0,,[],[],0,20241220,20241225,2024-12-21 11:05:51,2024-12-26 06:31:32
447946238,1,7078392,140407,2,90,210,0,0,0,0,genuine peak omg i love this series its been years im so happy,[],[],0,20241220,20250925,2024-12-21 11:05:57,2025-09-26 11:21:16
447946251,1,7078392,118408,0,90,100,0,0,0,0,,[],[],0,0,20241220,2024-12-21 11:06:04,2025-08-31 08:58:37
447946259,1,7078392,132144,0,90,120,0,0,0,0,,[],[],0,20241220,0,2024-12-21 11:06:09,2024-12-23 05:34:11
447946269,1,7078392,144957,4,0,0,0,0,0,0,,[],[],0,0,0,2024-12-21 11:06:17,2024-12-21 11:06:17
447946293,1,7078392,151512,3,30,50,0,0,0,0,,[],[],0,0,0,2024-12-21 11:06:31,2024-12-26 06:25:01
447946332,1,7078392,143056,4,50,50,0,0,0,0,,[],[],0,0,0,2024-12-21 11:06:52,2024-12-23 05:41:35
447946342,1,7078392,104973,2,90,158,9,0,1,0,,[],[],0,0,20241220,2024-12-21 11:06:59,2026-01-28 05:57:25
447946348,1,7078392,117540,2,90,128,0,0,0,0,,[],[],0,0,20241220,2024-12-21 11:07:05,2024-12-21 11:07:05
447946357,1,7078392,121991,4,50,158,0,0,0,0,,[],[],0,0,0,2024-12-21 11:07:14,2025-02-10 10:48:21
447946373,1,7078392,136331,3,50,50,0,0,0,0,,[],[],0,0,0,2024-12-21 11:07:26,2024-12-26 06:30:04
447946398,1,7078392,146139,4,50,86,0,0,0,0,season 1 was so good whyd the author lose the plot?,[],[],0,0,0,2024-12-21 11:07:43,2025-08-25 06:58:59
447946424,1,7078392,159930,4,70,0,0,0,0,0,,[],[],0,0,0,2024-12-21 11:07:52,2024-12-21 11:07:52
447946437,1,7078392,130429,4,50,70,0,0,0,0,,[],[],0,0,0,2024-12-21 11:08:00,2024-12-23 05:34:27
447946449,1,7078392,113488,4,70,0,0,0,0,0,,[],[],0,0,0,2024-12-21 11:08:07,2024-12-21 11:08:07
447946457,1,7078392,130229,2,90,69,0,0,0,0,,[],[],0,0,20241220,2024-12-21 11:08:13,2024-12-21 11:08:13
447946472,1,7078392,116382,2,50,125,0,0,0,0,,[],[],0,0,20241220,2024-12-21 11:08:19,2024-12-21 11:08:19
447946489,1,7078392,137304,4,50,0,0,0,0,0,,[],[],0,0,0,2024-12-21 11:08:28,2024-12-21 11:08:28
447946581,1,7078392,120385,4,50,0,0,0,0,0,,[],[],0,0,0,2024-12-21 11:09:21,2024-12-21 11:09:21
447946587,1,7078392,141958,4,70,0,0,0,0,0,,[],[],0,0,0,2024-12-21 11:09:27,2024-12-21 11:09:27
447948141,1,7078392,121565,2,90,130,0,0,0,0,,[],[],0,0,20241220,2024-12-21 11:09:56,2025-08-03 22:31:37
447948159,1,7078392,111075,0,90,136,0,0,0,0,,[],[],0,0,0,2024-12-21 11:10:09,2025-01-09 05:31:06
447948163,1,7078392,110472,3,50,0,0,0,0,0,,[],[],0,0,0,2024-12-21 11:10:14,2024-12-21 11:10:14
447948168,1,7078392,149483,3,10,60,0,0,0,0,,[],[],0,0,0,2024-12-21 11:10:20,2024-12-23 05:38:41
447948191,1,7078392,128521,3,10,117,0,0,0,0,,[],[],0,0,0,2024-12-21 11:10:40,2025-02-10 10:45:18
447948234,1,7078392,141013,4,70,0,0,0,0,0,"need to reread bcs I forgot the plot, then catch up",[],[],0,0,0,2024-12-21 11:11:06,2025-08-03 22:31:46
447948312,1,7078392,117581,2,70,159,0,0,1,0,,[],[],0,0,20241220,2024-12-21 11:11:53,2025-10-26 16:29:56
447948335,1,7078392,124783,3,30,55,0,0,0,0,,[],[],0,0,0,2024-12-21 11:12:18,2024-12-26 06:27:44
447948357,1,7078392,107763,3,0,40,0,0,0,0,,[],[],0,0,0,2024-12-21 11:12:31,2024-12-26 05:58:54
447948375,1,7078392,109436,2,50,150,11,0,0,0,,[],[],0,0,20241220,2024-12-21 11:12:43,2024-12-21 11:12:43
447948418,1,7078392,139339,3,10,55,0,0,0,0,,[],[],0,0,0,2024-12-21 11:13:16,2024-12-26 06:14:27
447948439,1,7078392,132093,4,50,52,0,0,0,0,,[],[],0,0,0,2024-12-21 11:13:30,2025-02-10 10:51:29
447948466,1,7078392,110095,2,70,124,10,0,0,0,,[],[],0,0,20241220,2024-12-21 11:13:49,2024-12-21 11:13:49
447948537,1,7078392,153994,3,30,27,0,0,0,0,,[],[],0,0,0,2024-12-21 11:14:49,2024-12-26 06:24:08
447948547,1,7078392,133575,3,50,0,0,0,0,0,,[],[],0,0,0,2024-12-21 11:14:54,2024-12-21 11:14:54
447948609,1,7078392,128067,0,90,116,0,0,1,0,,[],[],0,0,0,2024-12-21 11:15:44,2025-01-11 07:28:42
447948619,1,7078392,120980,3,30,100,0,0,0,0,,[],[],0,0,0,2024-12-21 11:15:55,2024-12-26 06:23:43
447948715,1,7078392,112197,3,50,0,0,0,0,0,,[],[],0,0,0,2024-12-21 11:16:56,2024-12-21 11:16:56
447948780,1,7078392,110059,3,50,200,0,0,0,0,,[],[],0,0,0,2024-12-21 11:17:33,2024-12-26 06:30:28
447948803,1,7078392,124474,4,50,40,0,0,0,0,,[],[],0,0,0,2024-12-21 11:17:58,2024-12-26 05:55:57
447948815,1,7078392,142894,0,90,122,0,0,0,0,,[],[],0,20230101,0,2024-12-21 11:18:09,2024-12-26 07:01:19
447948894,1,7078392,109271,3,10,110,0,0,0,0,,[],[],0,0,0,2024-12-21 11:18:57,2024-12-26 06:12:44
447948904,1,7078392,133038,2,70,70,0,0,0,0,,[],[],0,0,20241225,2024-12-21 11:19:05,2024-12-26 05:39:04
447948929,1,7078392,150170,4,50,0,0,0,0,0,,[],[],0,0,0,2024-12-21 11:19:19,2024-12-21 11:19:19
447948964,1,7078392,111103,2,50,143,0,0,0,0,,[],[],0,0,20241222,2024-12-21 11:19:47,2024-12-23 04:49:05
447948976,1,7078392,153948,4,50,0,0,0,0,0,,[],[],0,0,0,2024-12-21 11:19:53,2024-12-21 11:19:53
447948989,1,7078392,145525,3,30,120,0,0,0,0,,[],[],0,0,0,2024-12-21 11:20:09,2025-01-01 07:05:44
447949862,1,7078392,145538,2,30,107,0,0,0,0,,[],[],0,0,20241220,2024-12-21 11:21:07,2025-08-03 04:33:26
447949868,1,7078392,116633,4,50,10,0,0,0,0,,[],[],0,0,0,2024-12-21 11:21:14,2024-12-26 05:57:26
447949876,1,7078392,128963,5,70,2,0,0,0,0,,[],[],0,0,20241220,2024-12-21 11:21:23,2026-01-25 15:08:57
447949901,1,7078392,113340,2,90,66,0,0,0,0,,[],[],0,0,20241220,2024-12-21 11:21:40,2024-12-21 11:21:40
447949921,1,7078392,143003,2,90,77,0,0,0,0,,[],[],0,0,20241220,2024-12-21 11:21:58,2024-12-21 11:21:58
447949963,1,7078392,158706,4,50,60,0,0,0,0,,[],[],0,0,0,2024-12-21 11:22:22,2024-12-26 06:01:21
447949974,1,7078392,106098,2,90,169,0,0,0,0,,[],[],0,0,20241220,2024-12-21 11:22:36,2024-12-21 11:22:36
447950026,1,7078392,135325,4,70,60,0,0,0,0,,[],[],0,0,0,2024-12-21 11:23:34,2024-12-26 06:55:05
447950161,1,7078392,132359,3,50,0,0,0,0,0,,[],[],0,0,0,2024-12-21 11:25:08,2024-12-21 11:25:08
447950181,1,7078392,128589,4,50,82,0,0,0,0,,[],[],0,0,0,2024-12-21 11:25:23,2024-12-26 06:22:42
447950223,1,7078392,121276,2,70,102,7,0,0,0,,[],[],0,0,20241220,2024-12-21 11:26:03,2024-12-21 11:26:03
447950259,1,7078392,104533,2,90,158,12,0,0,0,,[],[],0,0,20241220,2024-12-21 11:26:29,2024-12-21 11:26:29
447950417,1,7078392,128998,4,50,0,0,0,0,0,,[],[],0,0,0,2024-12-21 11:28:36,2024-12-21 11:28:36
447950436,1,7078392,128403,3,30,30,0,0,0,0,,[],[],0,0,0,2024-12-21 11:28:52,2024-12-26 06:18:03
447950448,1,7078392,136087,4,70,0,0,0,0,0,,[],[],0,0,0,2024-12-21 11:29:00,2024-12-21 11:29:00
447950459,1,7078392,108451,3,10,40,0,0,0,0,,[],[],0,0,0,2024-12-21 11:29:06,2025-01-01 07:05:40
447950472,1,7078392,120222,4,50,70,0,0,0,0,,[],[],0,0,0,2024-12-21 11:29:19,2024-12-26 06:00:17
447950505,1,7078392,142372,2,90,74,5,0,0,0,,[],[],0,0,20241220,2024-12-21 11:29:51,2024-12-21 11:29:51
447950516,1,7078392,131376,3,0,0,0,0,0,0,,[],[],0,0,0,2024-12-21 11:30:01,2024-12-21 11:30:01
447950586,1,7078392,119701,4,0,124,0,0,0,0,,[],[],0,0,0,2024-12-21 11:31:17,2024-12-26 06:09:40
447950701,1,7078392,98695,3,10,60,0,0,0,0,,[],[],0,0,0,2024-12-21 11:33:01,2024-12-26 06:16:48
447950727,1,7078392,137836,4,50,0,0,0,0,0,,[],[],0,0,0,2024-12-21 11:33:28,2024-12-21 11:33:28
447950732,1,7078392,150663,4,30,60,0,0,0,0,,[],[],0,0,0,2024-12-21 11:33:32,2024-12-23 05:40:52
447950832,1,7078392,130660,3,30,40,0,0,0,0,,[],[],0,0,0,2024-12-21 11:35:20,2024-12-26 06:17:39
447950871,1,7078392,143099,2,90,80,0,0,0,0,,[],[],0,0,20241220,2024-12-21 11:35:56,2024-12-21 11:35:56
447950911,1,7078392,111140,2,50,102,0,0,0,0,,[],[],0,0,20241220,2024-12-21 11:36:39,2024-12-23 04:48:16
447950919,1,7078392,153983,4,30,43,0,0,0,0,,[],[],0,0,0,2024-12-21 11:36:47,2025-01-01 04:13:48
447950939,1,7078392,149756,2,70,75,0,0,0,0,,[],[],0,0,20241220,2024-12-21 11:37:02,2024-12-21 11:37:02
447950967,1,7078392,142254,0,50,5,0,0,0,0,,[],[],0,0,0,2024-12-21 11:37:24,2025-01-12 01:52:56
447950988,1,7078392,141579,4,50,0,0,0,0,0,,[],[],0,0,0,2024-12-21 11:37:50,2024-12-21 11:37:50
447950996,1,7078392,117663,4,70,0,0,0,0,0,,[],[],0,0,0,2024-12-21 11:37:57,2024-12-21 11:37:57
447951008,1,7078392,126986,2,90,269,0,0,1,0,,[],[],0,20241220,20241222,2024-12-21 11:38:10,2025-01-04 04:18:12
447951092,1,7078392,125485,3,50,70,0,0,0,0,,[],[],0,0,0,2024-12-21 11:39:20,2024-12-26 06:29:52
447951113,1,7078392,159436,3,50,0,0,0,0,0,,[],[],0,0,0,2024-12-21 11:39:32,2024-12-21 11:39:32
447951137,1,7078392,145134,4,50,100,0,0,0,0,,[],[],0,0,0,2024-12-21 11:40:11,2024-12-23 05:42:44
447951141,1,7078392,127037,3,0,62,0,0,0,0,,[],[],0,0,0,2024-12-21 11:40:18,2024-12-26 06:15:13
447951163,1,7078392,134671,2,70,118,0,0,0,0,,[],[],0,0,20241220,2024-12-21 11:40:48,2024-12-21 11:40:48
447951192,1,7078392,153514,3,10,70,0,0,0,0,,[],[],0,0,0,2024-12-21 11:41:27,2024-12-26 06:09:57
447951225,1,7078392,156477,4,70,0,0,0,0,0,,[],[],0,0,0,2024-12-21 11:42:12,2024-12-21 11:42:12
447951250,1,7078392,126295,2,30,130,0,0,0,0,,[],[],0,0,20241220,2024-12-21 11:42:39,2025-03-07 10:22:26
447951309,1,7078392,97717,3,30,370,0,0,0,0,,[],[],0,0,0,2024-12-21 11:43:39,2024-12-23 05:38:17
447951393,1,7078392,109441,2,70,88,0,0,0,0,,[],[],0,0,20241220,2024-12-21 11:45:27,2024-12-21 11:45:27
447951455,1,7078392,137280,3,50,0,0,0,0,0,,[],[],0,0,0,2024-12-21 11:46:25,2024-12-21 11:46:25
447951521,1,7078392,140896,3,30,30,0,0,0,0,,[],[],0,0,0,2024-12-21 11:47:07,2024-12-26 06:01:40
447952181,1,7078392,109398,2,90,10,1,0,0,0,,[],[],0,0,20250104,2024-12-21 11:47:55,2025-01-05 08:07:22
447952380,1,7078392,116133,4,0,42,0,0,0,0,,[],[],0,0,0,2024-12-21 11:48:46,2024-12-26 06:07:26
447952463,1,7078392,109219,4,50,0,0,0,0,0,,[],[],0,0,0,2024-12-21 11:49:51,2024-12-21 11:49:51
447952481,1,7078392,142352,3,30,72,0,0,0,0,,[],[],0,0,0,2024-12-21 11:50:13,2025-02-10 10:45:32
447956209,1,7078392,133795,0,30,0,0,0,0,0,need to reread + pick up this along with ilyoo,[],[],0,0,0,2024-12-21 11:50:31,2025-08-13 06:07:45
447956256,1,7078392,126284,4,50,0,0,0,0,0,,[],[],0,0,0,2024-12-21 11:51:13,2024-12-23 04:49:12
447956335,1,7078392,102354,2,90,92,3,0,0,0,,[],[],0,0,20241220,2024-12-21 11:52:19,2024-12-21 11:52:19
447956380,1,7078392,154775,3,50,0,0,0,0,0,,[],[],0,0,0,2024-12-21 11:52:58,2024-12-21 11:52:58
447956422,1,7078392,129791,5,90,64,0,0,0,0,,[],[],0,0,20241220,2024-12-21 11:53:26,2025-08-25 06:59:27
447956452,1,7078392,113309,3,10,50,0,0,0,0,,[],[],0,0,0,2024-12-21 11:53:57,2024-12-26 06:16:07
447956518,1,7078392,116768,2,10,79,0,0,0,0,,[],[],0,0,20241222,2024-12-21 11:54:50,2024-12-23 05:40:32
447956575,1,7078392,114599,2,50,117,12,0,0,0,,[],[],0,0,20241220,2024-12-21 11:55:25,2024-12-21 11:55:25
447956656,1,7078392,111799,2,50,72,0,0,0,0,,[],[],0,0,20241220,2024-12-21 11:56:18,2024-12-21 11:56:18
447956667,1,7078392,134677,2,50,112,0,0,0,0,,[],[],0,0,20241220,2024-12-21 11:56:29,2024-12-21 11:56:29
447956675,1,7078392,135404,4,30,30,0,0,0,0,,[],[],0,0,0,2024-12-21 11:56:36,2024-12-26 06:00:41
447956713,1,7078392,152427,3,10,30,0,0,0,0,,[],[],0,0,0,2024-12-21 11:57:04,2024-12-26 06:10:27
447956728,1,7078392,120727,2,70,75,8,0,0,0,,[],[],0,0,20241220,2024-12-21 11:57:13,2024-12-26 07:30:19
447956815,1,7078392,135561,3,50,60,0,0,0,0,,[],[],0,0,0,2024-12-21 11:58:01,2025-01-06 08:36:42
447956846,1,7078392,160454,4,70,0,0,0,0,0,,[],[],0,0,0,2024-12-21 11:58:22,2024-12-21 11:58:22
447956871,1,7078392,169392,0,70,55,0,0,0,0,,[],[],0,20241220,0,2024-12-21 11:58:36,2024-12-26 07:03:52
448247924,1,7078392,31706,2,90,95,24,0,0,0,,[],[],0,0,20241222,2024-12-23 04:50:26,2024-12-23 04:50:26
448247951,1,7078392,30657,0,90,55,0,0,0,0,,[],[],0,20241222,0,2024-12-23 04:50:49,2024-12-26 07:00:49
448247966,1,7078392,30642,4,70,0,0,0,0,0,,[],[],0,0,0,2024-12-23 04:50:58,2024-12-23 04:50:58
448248016,1,7078392,30026,4,90,370,0,0,0,0,,[],[],0,20241222,0,2024-12-23 04:51:19,2025-02-03 07:40:25
448248075,1,7078392,98263,0,90,84,0,0,0,0,,[],[],0,20241222,0,2024-12-23 04:51:55,2025-02-09 05:26:48
448248113,1,7078392,74347,4,70,142,0,0,0,0,,[],[],0,20241222,0,2024-12-23 04:52:19,2024-12-26 06:59:28
448248218,1,7078392,55515,0,50,0,0,0,0,0,,[],[],0,20241222,0,2024-12-23 04:53:29,2024-12-23 04:53:29
448248232,1,7078392,98842,0,90,122,0,0,0,0,,[],[],0,20241222,0,2024-12-23 04:53:39,2025-02-17 09:28:19
448248267,1,7078392,115090,2,90,1,0,0,0,0,,[],[],0,0,20241222,2024-12-23 04:54:05,2025-03-07 10:22:21
448256477,1,7078392,30021,2,70,108,12,0,0,0,,[],[],0,0,20241222,2024-12-23 05:32:05,2024-12-23 05:32:05
448256536,1,7078392,136807,2,70,1,1,0,0,0,,[],[],0,0,20241222,2024-12-23 05:32:45,2024-12-23 05:32:45
448256599,1,7078392,30936,1,0,0,2,0,0,0,,[],[],0,20241222,0,2024-12-23 05:33:22,2025-01-21 03:47:55
448256997,1,7078392,131128,2,90,130,0,0,1,0,,[],[],0,0,20241222,2024-12-23 05:36:57,2025-10-25 06:09:20
448257052,1,7078392,154474,2,50,69,0,0,0,0,,[],[],0,0,20241222,2024-12-23 05:37:25,2024-12-23 05:37:25
448257478,1,7078392,161715,3,50,50,0,0,0,0,,[],[],0,0,0,2024-12-23 05:41:08,2024-12-23 05:41:08
448257500,1,7078392,129956,4,50,0,0,0,0,0,,[],[],0,0,0,2024-12-23 05:41:18,2024-12-23 05:41:18
448257623,1,7078392,132651,2,30,53,4,0,0,0,,[],[],0,20241222,20241223,2024-12-23 05:42:28,2024-12-23 11:15:19
448257838,1,7078392,169882,3,50,11,0,0,0,0,,[],[],0,0,0,2024-12-23 05:43:02,2025-02-10 10:43:10
448257882,1,7078392,130045,3,30,60,0,0,0,0,,[],[],0,0,0,2024-12-23 05:43:23,2024-12-23 05:43:23
448312982,0,7078392,16498,2,90,25,0,0,0,0,,[],[],0,0,20241222,2024-12-23 10:23:47,2024-12-23 10:23:47
448313011,0,7078392,101922,2,50,26,0,0,0,0,,[],[],0,0,20241222,2024-12-23 10:24:09,2024-12-23 10:24:09
448313027,0,7078392,113415,2,70,24,0,0,0,0,,[],[],0,0,20241222,2024-12-23 10:24:21,2024-12-23 10:24:21
448313036,0,7078392,11061,2,90,148,0,0,0,0,,[],[],0,0,20241222,2024-12-23 10:24:26,2024-12-23 10:24:26
448313046,0,7078392,20958,2,70,12,0,0,0,0,,[],[],0,0,20241222,2024-12-23 10:24:38,2024-12-23 10:24:38
448313055,0,7078392,20,2,70,220,0,0,0,0,,[],[],0,0,20241222,2024-12-23 10:24:44,2024-12-23 10:24:44
448313075,0,7078392,20605,2,50,12,0,0,0,0,,[],[],0,0,20241222,2024-12-23 10:24:53,2024-12-23 10:24:53
448313112,0,7078392,101759,2,50,12,0,0,0,0,,[],[],0,0,20241222,2024-12-23 10:25:21,2024-12-23 10:25:21
448313119,0,7078392,21856,2,50,25,0,0,0,0,,[],[],0,0,20241222,2024-12-23 10:25:26,2024-12-23 10:25:26
448313125,0,7078392,99147,2,70,12,0,0,0,0,,[],[],0,0,20241222,2024-12-23 10:25:31,2024-12-23 10:25:31
448313137,0,7078392,20954,2,70,1,0,0,0,0,,[],[],0,0,20241222,2024-12-23 10:25:37,2024-12-23 10:25:37
448313145,0,7078392,21519,2,70,1,0,0,0,0,,[],[],0,0,20241222,2024-12-23 10:25:43,2024-12-23 10:25:43
448313153,0,7078392,20755,2,90,22,0,0,0,0,,[],[],0,0,20241222,2024-12-23 10:25:49,2024-12-23 10:25:49
448313169,0,7078392,110277,2,90,16,0,0,0,0,,[],[],0,0,20241222,2024-12-23 10:25:55,2024-12-23 10:25:55
448313174,0,7078392,100166,2,50,25,0,0,0,0,,[],[],0,0,20241222,2024-12-23 10:26:01,2024-12-23 10:26:01
448313180,0,7078392,21507,2,90,12,0,0,0,0,,[],[],0,0,20241222,2024-12-23 10:26:06,2024-12-23 10:26:06
448313186,0,7078392,21234,2,70,12,0,0,0,0,,[],[],0,0,20241222,2024-12-23 10:26:12,2024-12-23 10:26:12
448313192,0,7078392,20665,2,30,22,0,0,0,0,,[],[],0,0,20241222,2024-12-23 10:26:19,2024-12-23 10:26:19
448313196,0,7078392,9253,2,70,24,0,0,0,0,,[],[],0,0,20241222,2024-12-23 10:26:26,2024-12-23 10:26:26
448313206,0,7078392,20464,2,70,25,0,0,0,0,,[],[],0,0,20241222,2024-12-23 10:26:32,2024-12-23 10:26:32
448313214,0,7078392,104578,2,70,10,0,0,0,0,,[],[],0,0,20241222,2024-12-23 10:26:38,2024-12-23 10:26:38
448313217,0,7078392,1735,2,90,500,0,0,0,0,,[],[],0,0,20241222,2024-12-23 10:26:42,2024-12-23 10:26:42
448313225,0,7078392,104276,2,50,25,0,0,0,0,,[],[],0,0,20241222,2024-12-23 10:26:49,2024-12-23 10:26:49
448313248,0,7078392,97940,2,50,170,0,0,0,0,,[],[],0,0,20241222,2024-12-23 10:27:03,2024-12-23 10:27:03
448313253,0,7078392,101291,2,30,13,0,0,0,0,,[],[],0,0,20241222,2024-12-23 10:27:08,2024-12-23 10:27:08
448313263,0,7078392,140960,2,70,12,0,0,0,0,,[],[],0,0,20241222,2024-12-23 10:27:19,2024-12-23 10:27:19
448313271,0,7078392,101348,2,90,24,0,0,0,0,,[],[],0,0,20241222,2024-12-23 10:27:24,2024-12-23 10:27:24
448313284,0,7078392,124080,2,90,13,0,0,0,0,,[],[],0,0,20241222,2024-12-23 10:27:29,2024-12-23 10:27:29
448313288,0,7078392,112151,2,70,1,0,0,0,0,,[],[],0,0,20241222,2024-12-23 10:27:34,2024-12-23 10:27:34
448313298,0,7078392,199,2,50,1,0,0,0,0,,[],[],0,0,20241222,2024-12-23 10:27:44,2024-12-23 10:27:44
448313314,0,7078392,14719,2,90,26,0,0,0,0,,[],[],0,0,20241222,2024-12-23 10:27:53,2024-12-23 10:27:53
448313328,0,7078392,120120,2,50,24,0,0,0,0,,[],[],0,0,20241222,2024-12-23 10:28:01,2024-12-23 10:28:01
448313335,0,7078392,99263,2,50,25,0,0,0,0,,[],[],0,0,20241222,2024-12-23 10:28:07,2024-12-23 10:28:07
448313344,0,7078392,101338,2,90,13,0,0,0,0,,[],[],0,0,20241222,2024-12-23 10:28:13,2024-12-23 10:28:13
448313351,0,7078392,20997,2,70,13,0,0,0,0,,[],[],0,0,20241222,2024-12-23 10:28:20,2024-12-23 10:28:20
448313363,0,7078392,21311,2,90,12,0,0,0,0,,[],[],0,0,20241222,2024-12-23 10:28:27,2024-12-23 10:28:27
448313379,0,7078392,145064,2,50,23,0,0,0,0,,[],[],0,0,20241222,2024-12-23 10:28:41,2024-12-23 10:28:41
448313402,0,7078392,131573,2,50,1,0,0,0,0,,[],[],0,0,20241222,2024-12-23 10:28:55,2024-12-23 10:28:55
448313413,0,7078392,21698,2,50,10,0,0,0,0,,[],[],0,0,20241222,2024-12-23 10:29:02,2024-12-23 10:29:02
448313427,0,7078392,21170,2,90,25,0,0,0,0,,[],[],0,0,20241222,2024-12-23 10:29:12,2024-12-23 10:29:12
448313442,0,7078392,21804,2,90,120,0,0,0,0,,[],[],0,0,20241222,2024-12-23 10:29:25,2024-12-23 10:29:25
448313448,0,7078392,108725,2,30,11,0,0,0,0,,[],[],0,0,20241222,2024-12-23 10:29:29,2024-12-23 10:29:29
448313468,0,7078392,129874,2,50,7,0,0,0,0,,[],[],0,0,20241222,2024-12-23 10:29:41,2024-12-23 10:29:41
448313480,0,7078392,20474,2,90,24,0,0,0,0,,[],[],0,0,20241222,2024-12-23 10:29:48,2024-12-23 10:29:48
448313536,0,7078392,19,2,90,74,0,0,0,0,,[],[],0,0,20241222,2024-12-23 10:29:58,2024-12-23 10:29:58
448313545,0,7078392,21450,2,90,39,0,0,0,0,,[],[],0,0,20241222,2024-12-23 10:30:06,2024-12-23 10:30:06
448313561,0,7078392,133965,2,50,12,0,0,0,0,,[],[],0,0,20241222,2024-12-23 10:30:19,2024-12-23 10:30:19
448313579,0,7078392,106625,2,70,13,0,0,0,0,,[],[],0,0,20241222,2024-12-23 10:30:35,2024-12-23 10:30:35
448313587,0,7078392,124845,3,30,6,0,0,0,0,,[],[],0,0,0,2024-12-23 10:30:42,2024-12-31 12:23:50
448313600,0,7078392,102883,2,90,39,0,0,0,0,,[],[],0,0,20241222,2024-12-23 10:30:49,2024-12-23 10:30:49
448313606,0,7078392,20799,2,90,24,0,0,0,0,,[],[],0,0,20241222,2024-12-23 10:30:59,2024-12-23 10:30:59
448314062,0,7078392,150672,2,10,11,0,0,0,0,,[],[],0,0,20241222,2024-12-23 10:31:10,2024-12-23 10:31:10
448314083,0,7078392,137822,2,50,24,0,0,0,0,,[],[],0,0,20241225,2024-12-23 10:31:23,2024-12-26 07:26:22
448314095,0,7078392,121,2,90,51,0,0,0,0,,[],[],0,0,20241222,2024-12-23 10:31:34,2024-12-23 10:31:34
448314144,0,7078392,21679,2,90,12,0,0,0,0,,[],[],0,0,20241222,2024-12-23 10:31:57,2024-12-23 10:31:57
448314157,0,7078392,124153,2,50,12,0,0,0,0,,[],[],0,0,20241222,2024-12-23 10:32:05,2024-12-23 10:32:05
448314176,0,7078392,108463,2,90,12,0,0,0,0,,[],[],0,0,20241222,2024-12-23 10:32:23,2024-12-23 10:32:23
448314183,0,7078392,140439,2,90,12,0,0,0,0,,[],[],0,0,20241222,2024-12-23 10:32:30,2024-12-23 10:32:30
448314194,0,7078392,6045,2,70,25,0,0,0,0,,[],[],0,0,20241222,2024-12-23 10:32:39,2024-12-23 10:32:39
448314224,0,7078392,151801,2,70,12,0,0,0,0,,[],[],0,0,20241222,2024-12-23 10:33:00,2024-12-23 10:33:00
448314237,0,7078392,20727,2,50,12,0,0,0,0,,[],[],0,0,20241222,2024-12-23 10:33:10,2024-12-23 10:33:10
448314247,0,7078392,21127,2,70,23,0,0,0,0,,[],[],0,0,20241222,2024-12-23 10:33:16,2024-12-23 10:33:16
448314264,0,7078392,99629,2,30,12,0,0,0,0,,[],[],0,0,20241222,2024-12-23 10:33:24,2024-12-23 10:33:24
448314274,0,7078392,136430,2,70,24,0,0,0,0,,[],[],0,0,20241222,2024-12-23 10:33:32,2024-12-23 10:33:32
448314306,0,7078392,130003,2,90,12,0,0,0,0,,[],[],0,0,20241222,2024-12-23 10:33:50,2024-12-23 10:33:50
448314325,0,7078392,113717,2,90,23,0,0,0,0,,[],[],0,0,20241222,2024-12-23 10:34:00,2024-12-23 10:34:00
448314354,0,7078392,21421,2,10,12,0,0,0,0,,[],[],0,0,20241222,2024-12-23 10:34:20,2024-12-23 10:34:20
448314370,0,7078392,103223,2,90,12,0,0,0,0,,[],[],0,0,20241222,2024-12-23 10:34:27,2024-12-23 10:34:27
448314398,0,7078392,131646,2,50,12,0,0,0,0,,[],[],0,0,20241222,2024-12-23 10:34:51,2024-12-23 10:34:51
448315259,0,7078392,143270,3,50,10,0,0,0,0,,[],[],0,0,0,2024-12-23 10:35:26,2024-12-23 10:35:26
448315570,0,7078392,131942,2,90,12,0,0,0,0,,[],[],0,0,20241222,2024-12-23 10:37:14,2024-12-23 10:37:14
448315579,0,7078392,249,2,70,167,0,0,0,0,,[],[],0,0,20241222,2024-12-23 10:37:20,2024-12-23 10:37:20
448315599,0,7078392,114888,2,50,11,0,0,0,0,,[],[],0,0,20241222,2024-12-23 10:37:36,2024-12-23 10:37:36
448315623,0,7078392,21858,2,0,25,0,0,0,0,,[],[],0,0,20241222,2024-12-23 10:38:00,2024-12-23 10:38:00
448315662,0,7078392,125426,2,70,5,0,0,0,0,,[],[],0,0,20241222,2024-12-23 10:38:26,2024-12-23 10:38:26
448315670,0,7078392,20946,2,70,24,0,0,0,0,,[],[],0,0,20241222,2024-12-23 10:38:33,2024-12-23 10:38:33
448315685,0,7078392,114124,2,90,11,0,0,0,0,,[],[],0,0,20241222,2024-12-23 10:38:43,2024-12-23 10:38:43
448315715,0,7078392,126403,2,90,11,0,0,0,0,,[],[],0,0,20241222,2024-12-23 10:39:02,2024-12-23 10:39:02
448315935,0,7078392,104647,2,50,12,0,0,0,0,,[],[],0,0,20241222,2024-12-23 10:40:02,2024-12-23 10:40:02
448315947,0,7078392,151806,2,30,13,0,0,0,0,,[],[],0,0,20241222,2024-12-23 10:40:15,2024-12-23 10:40:15
448315978,0,7078392,16870,2,70,1,0,0,0,0,,[],[],0,0,20241222,2024-12-23 10:40:40,2024-12-23 10:40:40
448316485,0,7078392,4081,3,50,5,0,0,0,0,,[],[],0,0,0,2024-12-23 10:41:30,2024-12-23 10:41:30
448316581,0,7078392,147103,2,70,12,0,0,0,0,,[],[],0,0,20241222,2024-12-23 10:42:52,2024-12-23 10:42:52
448316644,0,7078392,21686,2,10,12,0,0,0,0,,[],[],0,0,20241222,2024-12-23 10:43:42,2024-12-23 10:43:42
448319432,1,7078392,117195,2,10,166,16,0,0,0,,[],[],0,0,20241222,2024-12-23 11:16:47,2024-12-23 11:16:47
448465002,1,7078392,30013,4,70,300,0,0,0,0,,[],[],0,0,0,2024-12-24 08:09:21,2024-12-24 08:09:21
448465055,1,7078392,111411,4,70,350,0,0,0,0,,[],[],0,0,0,2024-12-24 08:10:05,2024-12-24 08:10:05
448465293,1,7078392,154361,4,50,40,0,0,0,0,,[],[],0,0,0,2024-12-24 08:12:53,2024-12-24 08:12:53
448465461,1,7078392,121632,4,30,50,0,0,0,0,,[],[],0,0,0,2024-12-24 08:15:02,2024-12-24 08:15:02
448465506,1,7078392,167170,4,50,40,0,0,0,0,,[],[],0,0,0,2024-12-24 08:15:34,2024-12-24 08:15:34
448465524,1,7078392,122976,3,30,79,0,0,0,0,,[],[],0,0,0,2024-12-24 08:15:49,2024-12-24 08:15:49
448465605,1,7078392,147281,4,50,30,0,0,0,0,,[],[],0,0,0,2024-12-24 08:16:38,2024-12-24 08:16:38
448465831,1,7078392,129039,2,50,55,0,0,0,0,,[],[],0,0,20241223,2024-12-24 08:17:14,2024-12-24 08:17:14
448465887,1,7078392,111087,2,50,90,0,0,0,0,,[],[],0,0,20241223,2024-12-24 08:17:46,2024-12-24 08:17:46
448465910,1,7078392,132705,2,70,53,0,0,0,0,,[],[],0,0,20241223,2024-12-24 08:17:56,2024-12-24 08:17:56
448466532,1,7078392,143489,3,30,30,0,0,0,0,,[],[],0,0,0,2024-12-24 08:24:56,2024-12-24 08:24:56
448466546,1,7078392,135574,2,30,120,0,0,0,0,,[],[],0,0,20241223,2024-12-24 08:25:05,2024-12-24 08:25:05
448466586,1,7078392,115263,4,50,70,0,0,0,0,,[],[],0,0,0,2024-12-24 08:25:36,2024-12-24 08:25:36
448466600,1,7078392,133021,3,30,50,0,0,0,0,,[],[],0,0,0,2024-12-24 08:25:49,2024-12-24 08:25:49
448466648,1,7078392,147567,0,70,82,0,0,0,0,,[],[],0,20241223,20241224,2024-12-24 08:26:30,2024-12-25 04:30:45
448466661,1,7078392,128591,2,50,101,0,0,0,0,,[],[],0,0,20241223,2024-12-24 08:26:37,2024-12-24 08:26:37
448467307,1,7078392,145664,3,30,70,0,0,0,0,,[],[],0,0,0,2024-12-24 08:29:20,2024-12-24 08:29:20
448467376,1,7078392,138704,4,70,150,0,0,0,0,,[],[],0,0,0,2024-12-24 08:30:06,2024-12-24 08:30:06
448467392,1,7078392,123605,2,50,60,0,0,0,0,,[],[],0,0,20241223,2024-12-24 08:30:22,2024-12-24 08:30:22
448469647,1,7078392,147581,3,30,84,0,0,0,0,,[],[],0,0,0,2024-12-24 08:41:52,2025-02-10 10:43:42
448469673,1,7078392,155251,2,50,100,0,0,0,0,,[],[],0,0,20241223,2024-12-24 08:42:14,2024-12-24 08:42:14
448469728,1,7078392,130603,2,50,11,0,0,0,0,,[],[],0,0,20241223,2024-12-24 08:42:56,2025-02-10 10:49:44
448470032,1,7078392,114592,2,50,52,0,0,0,0,,[],[],0,0,20241223,2024-12-24 08:46:31,2024-12-24 08:46:31
448470095,1,7078392,145757,2,50,62,0,0,0,0,,[],[],0,0,20241223,2024-12-24 08:46:57,2024-12-24 08:46:57
448470121,1,7078392,153273,3,10,60,0,0,0,0,,[],[],0,0,0,2024-12-24 08:47:16,2024-12-24 08:47:16
448470171,1,7078392,120435,3,30,40,0,0,0,0,,[],[],0,0,0,2024-12-24 08:47:47,2024-12-24 08:47:47
448470310,1,7078392,180121,3,30,20,0,0,0,0,,[],[],0,0,0,2024-12-24 08:49:22,2024-12-24 08:49:22
448470338,1,7078392,129218,2,50,85,0,0,0,0,,[],[],0,0,20241223,2024-12-24 08:49:41,2024-12-24 08:49:41
448470499,1,7078392,145534,4,70,40,0,0,0,0,Waiting for the series to be completed bcs I can't handle angst,[],[],0,0,0,2024-12-24 08:51:09,2024-12-24 08:51:09
448470782,1,7078392,117874,4,30,45,0,0,0,0,,[],[],0,0,0,2024-12-24 08:54:19,2024-12-24 08:54:19
448470940,1,7078392,142878,3,30,36,0,0,0,0,,[],[],0,0,0,2024-12-24 08:55:48,2024-12-24 08:55:48
448471085,1,7078392,170261,4,50,55,0,0,0,0,,[],[],0,0,0,2024-12-24 08:57:20,2024-12-24 08:57:20
448471394,1,7078392,173329,4,50,40,0,0,0,0,,[],[],0,0,0,2024-12-24 09:00:49,2024-12-24 09:00:49
448471412,1,7078392,135245,2,30,60,0,0,0,0,,[],[],0,0,20241223,2024-12-24 09:01:03,2024-12-24 09:01:03
448741135,1,7078392,121320,0,70,90,0,0,0,0,,[],[],0,20241225,0,2024-12-26 05:38:40,2024-12-31 12:22:40
448741343,0,7078392,21459,2,50,13,0,0,0,0,,[],[],0,0,20241225,2024-12-26 05:40:53,2024-12-26 05:40:53
448741353,0,7078392,5114,2,90,64,0,0,0,0,,[],[],0,0,20241225,2024-12-26 05:40:59,2024-12-26 05:40:59
448741507,0,7078392,97668,2,70,12,0,0,0,0,,[],[],0,0,20241225,2024-12-26 05:41:18,2024-12-26 05:41:18
448741543,0,7078392,142329,2,50,11,0,0,0,0,,[],[],0,0,20241225,2024-12-26 05:41:31,2024-12-26 05:41:31
448741557,0,7078392,9989,2,50,11,0,0,0,0,,[],[],0,0,20241225,2024-12-26 05:41:38,2024-12-26 05:41:38
448741566,0,7078392,20992,2,50,25,0,0,0,0,,[],[],0,0,20241225,2024-12-26 05:41:48,2024-12-26 05:41:48
448741581,0,7078392,131681,2,90,12,0,0,0,0,,[],[],0,0,20241225,2024-12-26 05:41:55,2024-12-26 05:41:55
448741588,0,7078392,97986,2,50,13,0,0,0,0,,[],[],0,0,20241225,2024-12-26 05:42:00,2024-12-26 05:42:00
448754375,0,7078392,21087,2,70,12,0,0,0,0,,[],[],0,0,20241225,2024-12-26 07:04:41,2024-12-26 07:04:41
448754477,0,7078392,113538,2,70,12,0,0,0,0,,[],[],0,0,20241225,2024-12-26 07:05:41,2024-12-26 07:05:41
448754561,0,7078392,139630,2,50,25,0,0,0,0,,[],[],0,0,20241225,2024-12-26 07:06:29,2024-12-26 07:06:29
448754643,0,7078392,98034,2,70,24,0,0,0,0,,[],[],0,0,20241225,2024-12-26 07:07:24,2024-12-26 07:07:24
448754717,0,7078392,20987,2,50,12,0,0,0,0,,[],[],0,0,20241225,2024-12-26 07:08:13,2024-12-26 07:08:13
448754790,0,7078392,21394,2,50,13,0,0,0,0,,[],[],0,0,20241225,2024-12-26 07:09:06,2024-12-26 07:09:06
448754920,0,7078392,142853,2,50,13,0,0,0,0,,[],[],0,0,20241225,2024-12-26 07:10:25,2024-12-26 07:10:25
448755031,0,7078392,21778,2,70,4,0,0,0,0,,[],[],0,0,20241225,2024-12-26 07:11:33,2024-12-26 07:11:33
448755879,0,7078392,163263,2,90,11,0,0,0,0,,[],[],0,0,20241225,2024-12-26 07:15:49,2024-12-26 07:22:48
448755924,0,7078392,11741,2,50,12,0,0,0,0,,[],[],0,0,20241225,2024-12-26 07:16:14,2024-12-26 07:16:14
448756131,0,7078392,141249,2,90,13,0,0,0,0,,[],[],0,0,20241225,2024-12-26 07:18:21,2024-12-26 07:22:43
448756176,0,7078392,99750,2,50,1,0,0,0,0,,[],[],0,0,20241225,2024-12-26 07:18:47,2024-12-26 07:18:47
448756267,0,7078392,146722,2,90,26,0,0,0,0,,[],[],0,0,20241225,2024-12-26 07:19:42,2024-12-26 07:19:42
448756317,0,7078392,124858,2,90,13,0,0,0,0,,[],[],0,0,20241225,2024-12-26 07:20:11,2024-12-26 07:20:11
448756394,0,7078392,235,4,90,250,0,0,0,0,,[],[],0,0,20241225,2024-12-26 07:20:24,2025-08-03 22:38:29
448756435,0,7078392,141911,2,70,12,0,0,0,0,,[],[],0,0,20241225,2024-12-26 07:20:47,2024-12-26 07:20:47
448756451,0,7078392,10087,2,50,13,0,0,0,0,,[],[],0,0,20241225,2024-12-26 07:20:57,2024-12-26 07:20:57
448756550,0,7078392,12191,2,70,48,0,0,0,0,,[],[],0,0,20241225,2024-12-26 07:22:04,2024-12-26 07:22:04
448756576,0,7078392,16419,2,70,49,0,0,0,0,,[],[],0,0,20241225,2024-12-26 07:22:18,2024-12-26 07:22:18
448756609,0,7078392,120150,2,90,12,0,0,0,0,,[],[],0,0,20241225,2024-12-26 07:22:33,2024-12-26 07:22:33
448756619,0,7078392,98384,2,90,1,0,0,0,0,,[],[],0,0,20241225,2024-12-26 07:22:38,2024-12-26 07:22:38
448756657,0,7078392,21791,2,90,1,0,0,0,0,,[],[],0,0,20241225,2024-12-26 07:22:54,2024-12-26 07:22:54
449294449,1,7078392,103204,2,70,37,6,0,0,0,,[],[],0,0,20241228,2024-12-29 01:10:06,2024-12-29 01:10:06
449294508,1,7078392,148305,0,90,25,0,0,0,0,,[],[],0,20241228,0,2024-12-29 01:10:41,2024-12-31 12:15:26
449894390,1,7078392,169135,0,70,60,0,0,0,0,,[],[],0,20241230,0,2024-12-31 06:57:16,2024-12-31 06:57:16
449894592,1,7078392,158448,0,70,13,0,0,0,0,,[],[],0,0,0,2024-12-31 06:58:51,2025-01-04 04:17:37
449966518,1,7078392,132926,0,70,20,0,0,0,0,,[],[],0,20241212,0,2024-12-31 12:35:55,2024-12-31 12:35:55
449967614,1,7078392,101517,2,70,271,30,0,0,0,,[],[],0,0,20241230,2024-12-31 12:41:17,2024-12-31 12:41:51
449968679,1,7078392,99970,1,0,0,0,0,0,0,,[],[],0,0,0,2024-12-31 12:49:34,2024-12-31 12:49:34
449968838,1,7078392,140475,4,70,20,0,0,0,0,,[],[],0,0,0,2024-12-31 12:51:59,2024-12-31 12:51:59
449968903,1,7078392,37375,4,70,40,0,0,0,0,,[],[],0,0,0,2024-12-31 12:53:02,2024-12-31 12:53:02
449968956,1,7078392,146983,2,70,1,1,0,0,0,,[],[],0,0,20241230,2024-12-31 12:53:42,2024-12-31 12:53:42
450080750,1,7078392,164263,0,70,8,0,0,0,0,,[],[],0,20241231,0,2025-01-01 03:29:39,2025-01-01 03:29:39
450081434,1,7078392,140495,4,50,17,0,0,0,0,,[],[],0,0,0,2025-01-01 03:36:51,2025-01-01 03:36:51
450081555,1,7078392,97553,2,90,18,3,0,0,0,,[],[],0,0,20241231,2025-01-01 03:37:59,2025-01-01 03:37:59
450082400,1,7078392,147586,4,50,30,0,0,0,0,,[],[],0,0,0,2025-01-01 03:43:53,2025-01-01 03:43:53
450082734,1,7078392,147278,3,50,0,0,0,0,0,,[],[],0,0,0,2025-01-01 03:48:32,2025-01-01 03:48:32
450083356,1,7078392,140159,3,30,25,0,0,0,0,,[],[],0,0,0,2025-01-01 03:51:15,2025-01-01 03:51:15
450083383,1,7078392,173937,3,0,0,0,0,0,0,,[],[],0,0,0,2025-01-01 03:51:38,2025-01-01 03:51:38
450083514,1,7078392,128486,3,30,60,0,0,0,0,,[],[],0,0,0,2025-01-01 03:53:04,2025-01-01 03:53:04
450083772,1,7078392,183352,2,70,39,0,0,0,0,,[],[],0,0,20241231,2025-01-01 03:56:12,2025-01-01 03:56:12
450083806,1,7078392,161750,3,0,0,0,0,0,0,,[],[],0,0,0,2025-01-01 03:56:37,2025-01-01 03:56:37
450084013,1,7078392,101670,3,10,0,0,0,0,0,,[],[],0,0,0,2025-01-01 03:59:14,2025-01-01 03:59:14
450084184,1,7078392,150106,4,50,67,0,0,0,0,,[],[],0,0,0,2025-01-01 04:01:35,2025-01-01 04:01:35
450084330,1,7078392,152422,4,50,31,0,0,0,0,,[],[],0,0,0,2025-01-01 04:03:40,2025-01-01 04:03:40
450084422,1,7078392,113704,3,30,0,0,0,0,0,,[],[],0,0,0,2025-01-01 04:04:55,2025-01-01 04:04:55
450084453,1,7078392,125233,3,30,70,0,0,0,0,,[],[],0,0,0,2025-01-01 04:05:12,2025-01-01 04:05:12
450086135,1,7078392,146391,2,50,56,0,0,0,0,,[],[],0,0,20241231,2025-01-01 04:10:31,2025-01-01 04:10:31
450086676,1,7078392,115748,4,90,40,0,0,0,0,,[],[],0,0,0,2025-01-01 04:17:31,2025-01-01 04:17:31
450087310,1,7078392,173035,4,50,31,0,0,0,0,,[],[],0,0,0,2025-01-01 04:25:15,2025-01-01 04:25:15
450087504,1,7078392,170834,3,0,30,0,0,0,0,,[],[],0,0,0,2025-01-01 04:28:00,2025-01-01 04:28:00
450087556,1,7078392,180396,2,70,51,0,0,0,0,,[],[],0,20241231,20251018,2025-01-01 04:28:44,2025-10-19 12:05:14
450087782,1,7078392,131841,2,30,61,0,0,0,0,,[],[],0,0,20241231,2025-01-01 04:31:22,2025-01-01 04:31:22
450088078,1,7078392,130861,3,10,0,0,0,0,0,,[],[],0,0,0,2025-01-01 04:34:52,2025-01-01 04:34:52
450088155,1,7078392,150107,3,30,30,0,0,0,0,,[],[],0,0,0,2025-01-01 04:35:44,2025-01-01 04:35:44
450088227,1,7078392,107128,3,10,0,0,0,0,0,deserves a negative rating but unfortunately 1 is the lowest number,[],[],0,0,0,2025-01-01 04:36:21,2025-01-01 04:36:46
450088615,1,7078392,158576,2,50,60,0,0,0,0,,[],[],0,0,20241231,2025-01-01 04:41:00,2025-01-01 04:41:00
450391403,1,7078392,148414,4,70,2,0,0,0,0,,[],[],0,20250101,0,2025-01-02 10:57:04,2025-02-03 07:40:15
450398136,1,7078392,97701,1,0,0,0,0,0,0,,[],[],0,0,0,2025-01-02 11:21:18,2025-01-02 11:21:18
450399249,1,7078392,122226,3,0,0,0,0,0,0,,[],[],0,0,0,2025-01-02 11:27:58,2025-01-03 04:10:18
450399258,1,7078392,128448,3,0,0,0,0,0,0,,[],[],0,0,0,2025-01-02 11:28:01,2025-01-03 04:10:05
450399387,1,7078392,173228,3,10,4,0,0,0,0,,[],[],0,0,0,2025-01-02 11:29:17,2025-01-03 04:09:37
450399408,1,7078392,137816,4,50,25,0,0,0,0,,[],[],0,20250101,0,2025-01-02 11:29:26,2025-01-21 09:17:23
450755333,0,7078392,147105,1,0,0,0,0,0,0,,[],[],0,0,0,2025-01-04 03:06:35,2025-01-04 03:06:35
450755535,1,7078392,86082,1,0,0,0,0,0,0,,[],[],0,0,0,2025-01-04 03:08:02,2025-01-04 03:08:02
450755546,1,7078392,118586,1,0,0,0,0,0,0,,[],[],0,0,0,2025-01-04 03:08:06,2025-01-04 03:08:06
450755562,1,7078392,74489,0,70,36,0,0,0,0,,[],[],0,0,0,2025-01-04 03:08:11,2025-08-28 03:55:51
450770623,1,7078392,181542,0,90,27,0,0,0,0,,[],[],0,20250103,0,2025-01-04 04:16:17,2025-01-21 07:47:34
450770736,1,7078392,172287,0,50,11,0,0,0,0,,[],[],0,20250103,0,2025-01-04 04:17:18,2025-01-04 04:17:18
451089187,1,7078392,30031,3,30,30,0,0,0,0,"this is so cute, but there's sm subtle racist/misogynistic comments made? im NOT overreacting I swear, its probably that these jokes were more acceptable the time this was made",[],[],0,20250104,0,2025-01-05 07:33:52,2025-08-03 22:32:25
451089271,1,7078392,175608,4,70,32,0,0,0,0,,[],[],0,20250104,0,2025-01-05 07:34:28,2025-01-05 07:34:34
451094443,0,7078392,163788,1,0,0,0,0,0,0,,[],[],0,0,0,2025-01-05 08:08:33,2025-01-05 08:08:33
451369745,1,7078392,86636,2,70,1,0,0,0,0,,[],[],0,20250111,20250111,2025-01-06 08:34:52,2025-01-12 11:38:09
452728100,1,7078392,132165,2,90,102,0,0,1,0,,[],[],0,0,20250111,2025-01-11 21:25:48,2026-01-25 15:42:02
452745847,1,7078392,136943,4,90,20,0,0,0,0,,[],[],0,20250111,0,2025-01-11 23:23:46,2025-02-03 07:40:32
452775653,1,7078392,182594,0,50,29,0,0,0,0,,[],[],0,20250111,0,2025-01-12 01:53:30,2025-01-12 01:53:30
452813185,1,7078392,129843,3,50,17,0,0,0,0,,[],[],0,20250111,0,2025-01-12 05:06:57,2025-01-21 04:50:22
452813336,1,7078392,164599,3,30,20,0,0,0,0,they over sexualized FL wayyyy too much. it's very much possible to portray a fem character as beautiful without doing that all the time. ts pmo,[],[],0,0,0,2025-01-12 05:08:18,2025-03-21 05:54:00
452813826,1,7078392,113531,0,50,6,0,0,0,0,,[],[],0,0,0,2025-01-12 05:11:51,2025-03-21 05:55:26
452813829,1,7078392,160651,4,70,9,0,0,0,0,,[],[],0,0,0,2025-01-12 05:11:54,2025-01-29 11:50:58
452827013,1,7078392,30145,0,50,3,0,0,0,0,,[],[],0,0,0,2025-01-12 06:12:49,2025-02-09 05:44:02
452879910,1,7078392,108420,3,50,70,0,0,0,0,,[],[],0,0,0,2025-01-12 10:58:30,2025-01-12 10:58:30
452882946,1,7078392,134556,4,50,80,0,0,0,0,,[],[],0,0,0,2025-01-12 11:06:33,2025-01-12 11:06:33
452884017,1,7078392,86717,0,70,5,0,0,0,0,,[],[],0,20250111,0,2025-01-12 11:12:26,2025-08-26 10:13:21
452884314,1,7078392,140324,2,70,6,1,0,0,0,,[],[],0,0,20250112,2025-01-12 11:15:34,2025-01-13 08:52:51
453156486,1,7078392,30656,4,70,40,0,0,0,0,,[],[],0,0,0,2025-01-13 10:38:00,2025-01-13 10:38:09
453156570,1,7078392,86123,4,70,331,0,0,0,0,,[],[],0,0,0,2025-01-13 10:38:43,2025-01-13 10:38:43
453156784,1,7078392,30003,1,0,0,0,0,0,0,,[],[],0,0,0,2025-01-13 10:39:01,2025-01-13 10:39:01
453156797,1,7078392,30436,1,0,0,0,0,0,0,,[],[],0,0,0,2025-01-13 10:39:11,2025-01-13 10:39:11
453156827,1,7078392,105469,2,90,4,1,0,0,0,,[],[],0,0,20250112,2025-01-13 10:39:26,2025-01-13 10:39:26
453156869,1,7078392,30104,4,70,10,0,0,0,0,,[],[],0,0,0,2025-01-13 10:39:47,2025-01-13 10:39:47
453157581,1,7078392,86848,4,50,40,0,0,0,0,,[],[],0,0,0,2025-01-13 10:41:25,2025-01-13 10:41:25
453157604,1,7078392,144946,3,50,36,0,0,0,0,,[],[],0,20250112,0,2025-01-13 10:41:35,2025-03-08 10:26:40
453160782,1,7078392,150378,4,70,23,0,0,0,0,,[],[],0,0,0,2025-01-13 10:50:30,2025-01-13 10:50:30
453160799,1,7078392,30401,1,0,0,0,0,0,0,,[],[],0,0,0,2025-01-13 10:50:41,2025-01-13 10:50:41
453160897,1,7078392,110473,2,50,125,14,0,0,0,,[],[],0,0,20250112,2025-01-13 10:51:30,2025-01-13 10:51:30
453160981,1,7078392,100991,3,50,30,0,0,0,0,,[],[],0,0,0,2025-01-13 10:52:07,2025-01-13 10:52:07
453161526,1,7078392,86279,3,10,10,0,0,0,0,,[],[],0,0,0,2025-01-13 10:56:21,2025-01-13 10:56:21
453161569,1,7078392,103082,3,30,30,0,0,0,0,,[],[],0,0,0,2025-01-13 10:56:44,2025-01-13 10:56:44
453161655,1,7078392,104063,4,50,46,0,0,0,0,,[],[],0,0,0,2025-01-13 10:57:23,2025-01-13 10:57:23
453162534,1,7078392,98466,4,70,48,0,0,0,0,,[],[],0,0,0,2025-01-13 10:59:14,2025-01-13 10:59:14
453163234,0,7078392,114085,2,70,12,0,0,0,0,,[],[],0,0,20250112,2025-01-13 10:59:30,2025-01-13 10:59:30
453163271,1,7078392,120502,4,90,15,0,0,0,0,,[],[],0,0,0,2025-01-13 10:59:46,2025-01-13 10:59:46
453163406,1,7078392,151194,2,70,1,0,0,0,0,,[],[],0,0,20250112,2025-01-13 11:00:46,2025-01-13 11:00:46
453163573,1,7078392,118730,3,0,1,0,0,0,0,,[],[],0,20250307,0,2025-01-13 11:01:45,2025-03-08 10:31:28
453163623,1,7078392,150836,3,50,30,0,0,0,0,,[],[],0,0,0,2025-01-13 11:02:06,2025-01-13 11:02:06
453163919,0,7078392,20701,2,50,12,0,0,0,0,,[],[],0,0,20250112,2025-01-13 11:03:12,2025-01-13 11:03:12
453163946,1,7078392,108251,0,70,12,0,0,0,0,,[],[],0,0,0,2025-01-13 11:03:24,2025-09-01 08:18:43
453164013,1,7078392,99065,1,0,0,0,0,0,0,,[],[],0,0,0,2025-01-13 11:03:56,2025-01-13 11:03:56
453164053,1,7078392,116170,4,70,10,0,0,0,0,,[],[],0,0,0,2025-01-13 11:04:14,2025-01-13 11:04:14
453164233,1,7078392,97371,3,50,65,0,0,0,0,,[],[],0,0,0,2025-01-13 11:05:34,2025-01-13 11:05:34
453164326,1,7078392,159142,4,50,7,0,0,0,0,,[],[],0,0,0,2025-01-13 11:06:14,2025-01-13 11:06:14
453164442,1,7078392,54457,1,0,0,0,0,0,0,,[],[],0,0,0,2025-01-13 11:07:05,2025-01-13 11:07:05
453164512,1,7078392,138363,3,30,30,0,0,0,0,,[],[],0,0,0,2025-01-13 11:07:41,2025-01-13 11:07:41
453164656,1,7078392,124056,3,30,40,0,0,0,0,,[],[],0,0,0,2025-01-13 11:08:43,2025-01-13 11:08:43
453164916,1,7078392,105429,3,10,30,0,0,0,0,,[],[],0,0,0,2025-01-13 11:10:38,2025-01-13 11:10:38
453165260,1,7078392,156031,4,70,9,0,0,0,0,,[],[],0,0,0,2025-01-13 11:13:16,2025-01-13 11:13:16
453165488,1,7078392,86785,3,30,20,0,0,0,0,,[],[],0,0,0,2025-01-13 11:15:10,2025-01-13 11:15:10
453165510,1,7078392,133797,0,90,108,0,0,0,0,,[],[],0,0,0,2025-01-13 11:15:22,2025-01-26 04:38:33
453165549,1,7078392,120088,3,30,30,0,0,0,0,,[],[],0,0,0,2025-01-13 11:15:39,2025-01-13 11:15:39
453165634,1,7078392,125291,2,90,65,0,0,0,0,,[],[],0,0,20250112,2025-01-13 11:16:23,2025-01-13 11:16:27
453165851,1,7078392,134191,0,90,151,0,0,0,0,,[],[],0,0,0,2025-01-13 11:18:17,2025-01-18 06:53:40
453165886,1,7078392,154159,3,70,19,0,0,0,0,,[],[],0,0,0,2025-01-13 11:18:37,2025-01-13 11:18:37
453166125,1,7078392,128273,3,50,40,0,0,0,0,,[],[],0,0,0,2025-01-13 11:20:41,2025-01-13 11:20:41
453166161,1,7078392,113258,4,50,30,0,0,0,0,,[],[],0,0,0,2025-01-13 11:21:04,2025-01-13 11:21:04
453166236,0,7078392,119675,2,90,52,0,0,0,0,,[],[],0,0,20250112,2025-01-13 11:21:52,2025-01-13 11:21:52
453166329,1,7078392,108050,1,0,0,0,0,0,0,,[],[],0,0,0,2025-01-13 11:22:49,2025-01-13 11:22:49
453166458,1,7078392,118601,3,30,35,0,0,0,0,,[],[],0,0,0,2025-01-13 11:24:04,2025-01-13 11:24:04
453166595,1,7078392,121819,2,90,4,1,0,0,0,,[],[],0,0,20250112,2025-01-13 11:25:26,2025-01-13 11:25:29
453167284,1,7078392,121868,3,0,0,0,0,0,0,,[],[],0,0,0,2025-01-13 11:31:24,2025-01-13 11:31:24
453167297,1,7078392,115929,4,50,20,0,0,0,0,,[],[],0,0,0,2025-01-13 11:31:32,2025-01-13 11:31:32
453167312,1,7078392,103855,3,30,20,0,0,0,0,,[],[],0,0,0,2025-01-13 11:31:38,2025-01-13 11:31:42
453167380,1,7078392,159636,1,0,30,0,0,0,0,,[],[],0,0,0,2025-01-13 11:32:09,2025-01-13 11:32:19
453167456,1,7078392,101644,3,30,40,0,0,0,0,,[],[],0,0,0,2025-01-13 11:32:43,2025-01-13 11:32:43
453167520,1,7078392,170151,1,0,0,0,0,0,0,,[],[],0,0,0,2025-01-13 11:33:18,2025-01-13 11:33:18
453167740,1,7078392,140946,3,50,20,0,0,0,0,,[],[],0,0,0,2025-01-13 11:35:27,2025-01-13 11:35:27
453168199,1,7078392,163430,3,50,25,0,0,0,0,,[],[],0,0,0,2025-01-13 11:39:32,2025-01-13 11:39:32
453168238,1,7078392,113055,4,70,200,0,0,0,0,,[],[],0,0,0,2025-01-13 11:39:56,2025-01-13 11:39:56
453168267,1,7078392,146517,3,50,30,0,0,0,0,,[],[],0,0,0,2025-01-13 11:40:19,2025-01-13 11:40:19
453168331,1,7078392,114542,3,50,19,0,0,0,0,,[],[],0,0,0,2025-01-13 11:40:52,2025-01-13 11:40:52
453168531,1,7078392,175888,3,50,15,0,0,0,0,,[],[],0,0,0,2025-01-13 11:42:45,2025-01-13 11:42:45
454339282,1,7078392,150750,3,10,73,0,0,0,0,He literally drove his ex-fiance to suicide and they just never have him take any responsibility for that ? ,[],[],0,20250118,0,2025-01-19 03:43:13,2025-01-21 01:25:51
454339377,1,7078392,65719,0,50,4,0,0,0,0,,[],[],0,20250118,0,2025-01-19 03:44:05,2025-01-19 03:44:05
454655122,1,7078392,100470,2,60,64,4,0,0,0,literally one of the best stories i've ever read but the fanservice was doing too much??,[],[],0,0,20250119,2025-01-20 12:03:38,2025-09-08 00:38:37
454655155,1,7078392,112654,1,0,0,0,0,0,0,,[],[],0,0,0,2025-01-20 12:03:56,2025-01-20 12:03:56
454655163,1,7078392,70253,1,0,0,0,0,0,0,,[],[],0,0,0,2025-01-20 12:04:00,2025-01-20 12:04:00
455716656,1,7078392,138625,4,50,32,0,0,0,0,,[],[],0,0,0,2025-01-26 08:50:22,2025-01-26 08:50:22
455860069,1,7078392,181982,0,50,32,0,0,0,0,,[],[],0,20250126,0,2025-01-27 03:15:22,2025-01-27 03:15:22
455949977,1,7078392,180276,0,50,41,0,0,0,0,,[],[],0,0,0,2025-01-27 10:38:03,2025-02-12 05:07:23
456298086,1,7078392,106130,0,90,311,0,0,0,0,,[],[],0,20250128,0,2025-01-29 11:46:52,2025-09-17 11:33:01
456298778,1,7078392,111102,0,70,66,0,0,0,0,,[],[],0,20250128,0,2025-01-29 11:49:10,2025-06-08 04:35:24
456299139,1,7078392,110373,1,0,0,0,0,0,0,,[],[],0,0,0,2025-01-29 11:50:14,2025-01-29 11:50:14
456299166,1,7078392,122416,0,70,11,0,0,0,0,,[],[],0,20250128,0,2025-01-29 11:50:29,2025-01-29 11:50:29
456973612,1,7078392,137614,1,0,0,0,0,0,0,,[],[],0,0,0,2025-02-02 05:31:07,2025-02-02 05:31:07
456973647,1,7078392,121088,2,50,1,0,0,0,0,,[],[],0,20250201,20250201,2025-02-02 05:31:35,2025-03-07 10:22:31
457201620,1,7078392,107279,0,0,0,0,0,0,0,,[],[],0,20250202,0,2025-02-03 07:36:32,2025-02-03 07:36:32
457233601,1,7078392,146203,0,90,30,0,0,0,0,,[],[],0,20250202,20250203,2025-02-03 11:29:52,2025-02-04 03:43:46
457918376,1,7078392,120760,0,70,63,0,0,0,0,,[],[],0,20250206,0,2025-02-07 10:07:52,2025-03-06 11:37:08
457918395,1,7078392,168984,0,90,12,0,0,0,0,,[],[],0,20250206,0,2025-02-07 10:08:08,2025-02-08 07:09:02
457918977,1,7078392,122063,1,0,0,0,0,0,0,,[],[],0,0,0,2025-02-07 10:10:22,2025-02-07 10:10:22
457919000,1,7078392,128882,3,50,12,0,0,0,0,,[],[],0,0,0,2025-02-07 10:10:40,2025-02-07 10:10:40
457919009,1,7078392,125828,1,0,0,0,0,0,0,,[],[],0,0,0,2025-02-07 10:10:51,2025-02-07 10:10:51
457919107,1,7078392,129210,1,0,0,0,0,0,0,,[],[],0,0,0,2025-02-07 10:12:32,2025-02-07 10:12:32
457919456,1,7078392,152306,3,50,25,0,0,0,0,,[],[],0,0,0,2025-02-07 10:14:03,2025-02-07 10:14:03
457919492,1,7078392,130300,3,50,70,0,0,0,0,,[],[],0,0,0,2025-02-07 10:14:33,2025-02-07 10:14:33
457919545,1,7078392,102178,1,0,0,0,0,0,0,,[],[],0,0,0,2025-02-07 10:15:18,2025-02-07 10:15:18
457919555,1,7078392,131263,1,0,0,0,0,0,0,,[],[],0,0,0,2025-02-07 10:15:26,2025-02-07 10:15:26
457919648,1,7078392,142887,0,85,11,0,0,0,0,,[],[],0,0,0,2025-02-07 10:16:44,2026-02-16 11:25:26
457919665,1,7078392,99218,1,0,0,0,0,0,0,,[],[],0,0,0,2025-02-07 10:16:57,2025-02-07 10:16:57
458212716,1,7078392,152128,0,70,115,0,0,0,0,,[],[],0,20250208,0,2025-02-09 05:26:56,2025-02-09 21:03:42
458215867,1,7078392,31133,0,50,3,0,0,0,0,,[],[],0,20250208,0,2025-02-09 05:43:50,2025-02-09 05:43:50
458474528,1,7078392,155935,3,30,79,0,0,0,0,,[],[],0,0,0,2025-02-10 10:43:27,2025-02-10 10:43:27
458474561,1,7078392,130149,3,0,3,0,0,0,0,,[],[],0,0,0,2025-02-10 10:43:59,2025-02-10 10:43:59
458474577,1,7078392,170572,4,50,13,0,0,0,0,,[],[],0,0,0,2025-02-10 10:44:20,2025-02-10 10:44:20
458475124,1,7078392,155198,3,10,38,0,0,0,0,,[],[],0,0,0,2025-02-10 10:45:50,2025-02-10 10:45:50
458475194,1,7078392,137073,4,30,30,0,0,0,0,,[],[],0,0,0,2025-02-10 10:46:17,2025-02-10 10:46:17
458475240,1,7078392,155133,3,10,32,0,0,0,0,,[],[],0,0,0,2025-02-10 10:46:46,2025-02-10 10:46:46
458475280,1,7078392,126944,3,0,52,0,0,0,0,,[],[],0,0,0,2025-02-10 10:47:20,2025-02-10 10:47:20
458475299,1,7078392,153438,3,0,9,0,0,0,0,,[],[],0,0,0,2025-02-10 10:47:37,2025-02-10 10:47:37
458475385,1,7078392,143474,4,50,46,0,0,0,0,,[],[],0,0,0,2025-02-10 10:49:16,2025-02-10 10:49:16
458475406,1,7078392,145969,2,70,31,0,0,0,0,,[],[],0,0,20250209,2025-02-10 10:49:30,2025-02-10 10:49:30
458475479,1,7078392,152160,3,0,9,0,0,0,0,,[],[],0,0,0,2025-02-10 10:50:43,2025-02-10 10:50:43
458475580,1,7078392,170740,4,50,12,0,0,0,0,,[],[],0,0,0,2025-02-10 10:52:13,2025-02-10 10:52:13
458480835,1,7078392,120446,4,0,20,0,0,0,0,,[],[],0,0,0,2025-02-10 11:26:51,2025-02-10 11:26:51
458481597,1,7078392,117324,2,90,122,0,0,0,0,,[],[],0,20250209,20250814,2025-02-10 11:31:55,2025-08-14 13:59:15
458481761,1,7078392,155136,1,0,0,0,0,0,0,,[],[],0,0,0,2025-02-10 11:32:27,2025-02-10 11:32:27
458481769,1,7078392,144591,2,85,86,0,0,0,0,,[],[],0,0,20251104,2025-02-10 11:32:33,2025-11-05 10:32:23
458600996,1,7078392,33082,1,0,0,0,0,0,0,,[],[],0,0,0,2025-02-11 04:24:12,2025-02-11 04:24:12
458601062,1,7078392,128896,1,0,0,0,0,0,0,,[],[],0,0,0,2025-02-11 04:25:01,2025-02-11 04:25:01
458601093,1,7078392,91616,2,70,76,8,0,0,0,,[],[],0,0,20250309,2025-02-11 04:25:16,2025-03-10 02:04:53
458601343,1,7078392,101805,0,70,5,0,0,0,0,,[],[],0,0,0,2025-02-11 04:27:52,2025-02-17 09:27:02
458601362,1,7078392,78649,1,0,0,0,0,0,0,,[],[],0,0,0,2025-02-11 04:27:59,2025-02-11 04:27:59
458602014,1,7078392,131536,1,0,0,0,0,0,0,,[],[],0,0,0,2025-02-11 04:28:26,2025-02-11 04:28:26
459218904,1,7078392,122091,0,90,55,0,0,0,0,,[],[],0,20250214,0,2025-02-15 08:53:24,2025-02-15 08:53:24
459232897,1,7078392,171204,1,0,0,0,0,0,0,,[],[],0,0,0,2025-02-15 10:57:13,2025-02-15 10:57:13
459232905,1,7078392,143108,3,30,76,0,0,0,0,,[],[],0,0,0,2025-02-15 10:57:19,2025-02-16 02:23:33
459232912,1,7078392,120862,0,0,0,0,0,0,0,,[],[],0,0,0,2025-02-15 10:57:26,2025-03-10 02:06:19
459584069,1,7078392,117680,2,90,54,0,0,0,0,,[],[],0,0,20250216,2025-02-17 04:19:51,2025-02-17 04:19:51
459643477,1,7078392,169011,0,70,55,0,0,0,0,,[],[],0,20250216,0,2025-02-17 09:26:05,2025-02-18 04:17:50
459643564,1,7078392,172619,3,0,0,0,0,0,0,corny harem,[],[],0,0,0,2025-02-17 09:27:09,2025-08-03 22:33:07
459645761,1,7078392,97830,1,0,0,0,0,0,0,,[],[],0,0,0,2025-02-17 09:45:07,2025-02-17 09:45:07
459645800,1,7078392,30418,1,0,0,0,0,0,0,,[],[],0,0,0,2025-02-17 09:45:25,2025-02-17 09:45:25
459646091,1,7078392,87350,2,90,37,6,0,0,0,,[],[],0,0,20250217,2025-02-17 09:46:28,2025-02-18 02:17:11
459646555,1,7078392,138603,4,90,28,0,0,0,0,,[],[],0,20250216,0,2025-02-17 09:51:08,2025-02-21 04:38:02
459647467,1,7078392,180752,0,70,3,0,0,0,0,,[],[],0,0,0,2025-02-17 09:54:56,2025-08-15 12:17:08
460380570,1,7078392,134257,0,0,0,0,0,0,0,,[],[],0,20250220,0,2025-02-21 10:07:26,2025-02-21 10:07:26
460380574,1,7078392,134263,3,35,1,0,0,0,0,gooner art,[],[],0,20251102,0,2025-02-21 10:07:30,2025-11-03 09:12:42
460380587,1,7078392,133867,0,0,0,0,0,0,0,,[],[],0,0,0,2025-02-21 10:07:40,2025-11-06 08:48:25
460380593,1,7078392,141745,1,0,0,0,0,0,0,,[],[],0,0,0,2025-02-21 10:07:45,2025-02-21 10:07:45
463065795,1,7078392,99536,0,70,104,0,0,0,0,,[],[],0,20250305,0,2025-03-06 11:33:40,2025-06-08 04:35:11
463065822,1,7078392,183367,0,70,30,0,0,0,0,,[],[],0,20250305,0,2025-03-06 11:34:08,2026-01-25 15:10:13
463065900,1,7078392,119174,0,70,16,0,0,0,0,,[],[],0,20250305,0,2025-03-06 11:35:41,2025-03-06 11:35:41
463065935,1,7078392,118524,0,70,42,0,0,0,0,,[],[],0,20250305,0,2025-03-06 11:36:19,2025-03-06 11:36:19
463065955,1,7078392,139640,0,90,45,0,0,0,0,,[],[],0,20250305,0,2025-03-06 11:36:36,2025-03-06 11:36:36
463474039,1,7078392,126693,3,35,12,0,0,0,0,i can tell the artist is a gooner i just cant prove it,[],[],0,0,0,2025-03-08 10:27:56,2025-09-08 01:32:13
463474121,1,7078392,103186,1,0,0,0,0,0,0,,[],[],0,0,0,2025-03-08 10:29:02,2025-03-08 10:29:02
463474135,1,7078392,146064,1,0,0,0,0,0,0,,[],[],0,0,0,2025-03-08 10:29:16,2025-03-08 10:29:16
463474158,1,7078392,126559,1,0,0,0,0,0,0,,[],[],0,0,0,2025-03-08 10:29:37,2025-03-08 10:29:37
463474164,1,7078392,63327,1,0,0,0,0,0,0,,[],[],0,0,0,2025-03-08 10:29:42,2025-03-08 10:29:42
463700023,1,7078392,164274,3,10,1,0,0,0,0,gooner ahh artstyle,[],[],0,0,0,2025-03-09 10:37:44,2025-08-03 04:36:41
464816853,1,7078392,152131,2,90,47,0,0,0,0,,[],[],0,0,20250314,2025-03-15 10:38:23,2025-03-15 10:38:23
466291614,1,7078392,171790,0,50,35,0,0,0,0,,[],[],0,20250322,0,2025-03-23 08:19:06,2025-04-19 05:58:13
466291645,1,7078392,39982,1,0,0,0,0,0,0,,[],[],0,0,0,2025-03-23 08:19:25,2025-03-23 08:19:25
471350216,0,7078392,189326,1,0,0,0,0,0,0,,[],[],0,0,0,2025-04-06 08:10:45,2025-04-06 08:10:45
475012620,1,7078392,170140,0,70,69,0,0,0,0,,[],[],0,20250418,0,2025-04-19 05:57:22,2025-04-19 05:57:22
475012656,1,7078392,100967,3,35,2,0,0,0,0,what is ts subtle racism for ?✌️,[],[],0,20250418,0,2025-04-19 05:57:48,2025-09-14 13:55:25
476245271,1,7078392,179533,1,0,0,0,0,0,0,,[],[],0,0,0,2025-04-25 07:39:53,2025-04-25 07:39:53
480960328,0,7078392,192808,1,0,0,0,0,0,0,,[],[],0,0,0,2025-05-13 09:20:52,2025-05-13 09:20:52
482560486,1,7078392,155471,2,90,56,4,0,0,0,,[],[],0,0,20250519,2025-05-20 09:36:07,2025-08-03 04:33:34
482560521,1,7078392,149544,0,90,123,0,0,0,0,,[],[],0,20250519,0,2025-05-20 09:36:37,2025-05-20 09:36:37
486234261,0,7078392,193699,1,0,0,0,0,0,0,,[],[],0,0,0,2025-06-08 04:33:27,2025-06-08 04:33:27
486234325,1,7078392,190171,0,0,0,0,0,0,0,,[],[],0,20250607,0,2025-06-08 04:34:06,2025-06-08 04:34:06
488442567,1,7078392,169454,0,0,0,0,0,0,0,,[],[],0,20250620,0,2025-06-21 04:46:41,2025-06-21 04:46:41
488442652,1,7078392,187189,1,70,9,0,0,0,0,,[],[],0,20250620,0,2025-06-21 04:47:31,2025-10-26 08:55:13
488442684,1,7078392,168656,2,60,69,0,0,0,0,they lost the plot and added a time skip just to add smvt ?? it was so good at first tho,[],[],0,0,20251223,2025-06-21 04:47:47,2025-12-23 22:23:51
488442710,1,7078392,87154,0,0,0,0,0,0,0,,[],[],0,20250620,0,2025-06-21 04:48:04,2025-06-21 04:48:04
490530442,1,7078392,111918,3,30,39,0,0,0,0,"ts so mid, it was trying to be angsty but they’re just corny",[],[],0,0,0,2025-07-01 12:53:37,2025-08-03 22:32:06
493646136,1,7078392,142568,2,90,16,2,0,0,0,,[],[],0,0,20250713,2025-07-14 03:36:28,2025-07-14 03:36:28
493647844,1,7078392,139110,2,70,1,0,0,0,0,,[],[],0,0,20250713,2025-07-14 03:45:45,2025-07-14 03:45:45
497726236,1,7078392,191151,3,10,41,0,0,0,0,"straight ass. the author has to be misogynistic or something because theres no way the FL is that stupid? i kept reading just to see what happens and I gave up, it was too ass to keep reading",[],[],0,0,0,2025-08-03 04:23:27,2025-08-03 04:23:27
497726496,0,7078392,99634,2,0,3,0,0,0,0,,[],[],0,0,20250802,2025-08-03 04:26:47,2025-08-03 04:26:47
497726819,1,7078392,188267,0,50,14,0,0,0,0,,[],[],0,20250802,0,2025-08-03 04:30:49,2025-08-03 04:30:49
497727117,1,7078392,147585,1,0,0,0,0,0,0,,[],[],0,0,0,2025-08-03 04:34:26,2025-08-03 04:34:26
499433901,1,7078392,67705,2,90,47,6,0,0,0,,[],[],0,0,20250812,2025-08-13 05:21:18,2025-08-13 05:21:18
499433908,1,7078392,100943,2,90,67,9,0,0,0,,[],[],0,0,20250812,2025-08-13 05:21:25,2025-08-13 05:21:25
499433913,1,7078392,100942,2,90,108,12,0,0,0,,[],[],0,0,20250812,2025-08-13 05:21:30,2025-08-13 05:21:30
499433921,1,7078392,100941,2,90,77,7,0,0,0,,[],[],0,0,20250812,2025-08-13 05:21:34,2025-08-13 05:21:34
499667567,1,7078392,55322,3,0,3,0,0,0,0,,[],[],0,0,0,2025-08-14 13:29:37,2025-09-17 11:32:42
499668019,1,7078392,80003,2,85,60,4,0,0,0,,[],[],0,0,20251031,2025-08-14 13:36:34,2025-11-01 07:57:18
499670009,1,7078392,86231,4,60,4,0,0,0,0,,[],[],0,0,0,2025-08-14 14:03:54,2025-10-21 08:31:25
499677330,0,7078392,21355,1,0,0,0,0,0,0,,[],[],0,0,0,2025-08-14 15:36:58,2025-08-14 15:36:58
500305330,0,7078392,20447,1,0,0,0,0,0,0,,[],[],0,0,0,2025-08-18 06:24:18,2025-08-18 06:24:18
501451904,1,7078392,188735,0,70,21,0,0,0,0,,[],[],0,20250824,0,2025-08-25 07:00:22,2025-08-25 07:00:22
501451948,1,7078392,164770,0,70,10,0,0,0,0,,[],[],0,20250824,0,2025-08-25 07:00:55,2025-08-25 07:00:55
501637865,1,7078392,114531,0,85,12,0,0,0,0,,[],[],0,0,0,2025-08-26 10:17:24,2025-09-08 00:32:25
501637883,1,7078392,100704,1,0,0,0,0,0,0,,[],[],0,0,0,2025-08-26 10:17:36,2025-08-26 10:17:36
501837774,1,7078392,108423,2,90,50,0,0,0,0,stop this is so good omg why did they cancel it??????????????????????????????????????????,[],[],0,0,20250827,2025-08-27 13:42:45,2025-08-27 13:42:45
501981390,1,7078392,129881,3,10,15,0,0,0,0,the gooner art style is frying me bro?,[],[],0,0,0,2025-08-28 07:51:16,2025-08-28 07:51:16
502009396,1,7078392,127008,0,70,36,0,0,0,0,,[],[],0,20250827,0,2025-08-28 12:48:59,2025-08-28 12:48:59
502009542,1,7078392,118721,3,10,9,0,0,0,0,WHAT on earth is that age gap,[],[],0,20250827,0,2025-08-28 12:52:14,2025-08-29 05:45:55
502194592,1,7078392,124133,2,50,60,0,0,0,0,,[],[],0,0,20250829,2025-08-29 20:00:42,2025-08-29 20:00:42
502278273,1,7078392,118519,0,90,23,0,0,0,0,,[],[],0,20250829,0,2025-08-30 07:32:39,2025-08-30 07:32:39
502378827,1,7078392,115979,4,70,64,0,0,0,0,,[],[],0,0,0,2025-08-31 02:27:53,2025-08-31 02:27:53
502450816,1,7078392,163071,2,70,16,4,0,0,0,,[],[],0,0,20250831,2025-08-31 13:17:50,2025-08-31 13:17:50
502556652,1,7078392,158817,0,70,33,0,0,0,0,,[],[],0,20250831,0,2025-09-01 04:32:10,2025-09-01 04:32:10
502589212,1,7078392,130971,3,60,16,0,0,0,0,,[],[],0,0,0,2025-09-01 08:15:19,2025-09-01 08:15:19
502589455,1,7078392,110731,3,35,1,0,0,0,0,the blatant racism?? ?,[],[],0,0,0,2025-09-01 08:18:04,2025-09-01 08:18:04
502589552,1,7078392,189549,3,60,29,0,0,0,0,,[],[],0,0,0,2025-09-01 08:19:19,2025-09-01 08:19:19
502619130,1,7078392,180060,0,60,13,0,0,0,0,,[],[],0,20250831,0,2025-09-01 12:16:49,2025-09-01 12:16:49
502619238,1,7078392,120545,2,60,62,7,0,0,0,,[],[],0,0,20250831,2025-09-01 12:18:34,2025-09-01 12:18:38
502623765,1,7078392,195632,1,0,0,0,0,0,0,,[],[],0,20250831,0,2025-09-01 12:49:29,2025-09-01 12:49:30
502625061,1,7078392,155965,1,0,0,0,0,0,0,,[],[],0,20250831,0,2025-09-01 12:55:26,2025-09-01 12:55:26
502625448,1,7078392,167510,1,0,0,0,0,0,0,,[],[],0,0,0,2025-09-01 13:00:28,2025-09-01 13:00:28
502625458,1,7078392,85789,1,0,0,0,0,0,0,,[],[],0,0,0,2025-09-01 13:00:35,2025-09-01 13:00:35
502625502,1,7078392,103145,1,0,0,0,0,0,0,,[],[],0,0,0,2025-09-01 13:01:02,2025-09-01 13:01:02
502714130,1,7078392,112402,4,60,9,0,0,0,0,,[],[],0,0,0,2025-09-02 01:51:52,2025-09-02 01:51:52
503660411,1,7078392,189288,4,60,4,0,0,0,0,,[],[],0,0,0,2025-09-08 01:33:01,2025-09-08 01:33:01
503660450,1,7078392,99923,0,85,86,0,0,0,0,,[],[],0,20250907,0,2025-09-08 01:33:31,2025-09-08 01:33:31
503660462,1,7078392,104596,0,0,56,8,0,0,0,,[],[],0,0,20250907,2025-09-08 01:33:47,2025-09-17 11:34:51
504002487,1,7078392,86036,3,35,4,0,0,0,0,The black characters look like caricatures :/,[],[],0,0,0,2025-09-10 04:10:23,2025-09-10 04:10:23
504699588,1,7078392,120837,0,85,94,0,0,0,0,,[],[],0,20250914,0,2025-09-15 03:23:01,2025-09-17 06:54:42
505067129,1,7078392,140137,3,35,1,0,0,0,0,"genuinely scarred, the art was so cute then 0.2 seconds in they mention a SEVENTEEN year age gap??? ",[],[],0,20251005,0,2025-09-17 06:54:56,2025-10-05 13:51:52
505067136,1,7078392,175669,1,0,0,0,0,0,0,,[],[],0,0,0,2025-09-17 06:54:59,2025-09-17 06:54:59
505119013,1,7078392,194243,1,0,0,0,0,0,0,,[],[],0,0,0,2025-09-17 11:31:44,2025-09-17 11:31:44
505119179,1,7078392,194497,4,60,15,0,0,0,0,,[],[],0,0,0,2025-09-17 11:33:42,2025-09-17 11:33:42
505119208,1,7078392,198372,1,0,0,0,0,0,0,,[],[],0,0,0,2025-09-17 11:34:11,2025-09-17 11:34:11
508690251,1,7078392,169922,3,60,42,0,0,0,0,too male gazey it’s not even goonerish i can just tell ts was written for men,[],[],0,0,0,2025-10-02 04:29:30,2025-10-07 04:13:49
508691741,1,7078392,105747,2,85,12,3,0,0,0,,[],[],0,0,20251003,2025-10-02 04:40:01,2025-10-04 03:44:31
508692472,1,7078392,41734,1,0,0,0,0,0,0,,[],[],0,0,0,2025-10-02 04:42:17,2025-10-02 04:42:17
508692601,1,7078392,92004,1,0,0,0,0,0,0,,[],[],0,0,0,2025-10-02 04:43:38,2025-10-02 04:43:38
509455511,1,7078392,164581,0,85,1,0,0,0,0,,[],[],0,20251005,0,2025-10-05 14:25:44,2025-10-05 14:25:44
509472154,1,7078392,170688,3,35,1,0,0,0,0,"“i finally found something interesting!” i said with joys, then the first woman to appear onscreen is insanely oversexualized??✌️ pmo sb ",[],[],0,0,0,2025-10-05 16:08:18,2025-10-05 16:08:18
509604417,1,7078392,111086,4,60,5,0,0,0,0,,[],[],0,0,0,2025-10-06 03:20:09,2025-10-06 03:20:09
510682632,1,7078392,189905,0,85,42,0,0,0,0,,[],[],0,20251010,0,2025-10-11 08:50:36,2025-10-13 14:53:05
510696319,1,7078392,109900,0,85,2,0,0,0,0,,[],[],0,20251010,0,2025-10-11 11:06:48,2025-10-11 11:06:53
510696554,1,7078392,123010,0,85,16,0,0,0,0,,[],[],0,0,0,2025-10-11 11:09:19,2025-11-26 09:17:18
510697597,1,7078392,106794,0,0,0,0,0,0,0,,[],[],0,20251010,0,2025-10-11 11:21:58,2025-10-11 11:21:58
511245779,1,7078392,121442,1,0,0,0,0,0,0,,[],[],0,0,0,2025-10-14 04:52:36,2025-10-14 04:52:36
511245790,1,7078392,119523,0,60,55,0,0,0,0,,[],[],0,0,0,2025-10-14 04:52:45,2025-10-21 08:31:48
511812825,1,7078392,180411,1,0,0,0,0,0,0,,[],[],0,20251016,0,2025-10-17 06:58:33,2025-10-17 06:58:35
513762870,1,7078392,120440,2,85,82,8,0,0,0,,[],[],0,0,20251027,2025-10-28 07:42:07,2025-10-28 07:42:07
514067071,1,7078392,193194,0,85,34,0,0,0,0,probably the best newgen manhwa i’ve read??? i need more chapters???,[],[],0,20251029,0,2025-10-30 07:55:41,2025-10-30 07:55:41
514380656,1,7078392,181522,3,60,41,0,0,0,0,too much filler? ,[],[],0,0,0,2025-11-01 10:37:13,2025-11-01 10:37:13
514546914,1,7078392,189664,0,85,39,0,0,0,0,,[],[],0,20251101,0,2025-11-02 08:15:47,2025-11-02 08:15:47
514575855,1,7078392,128366,3,60,15,0,0,0,0,#womeninmaledominatedfields except i hate harem i couldn’t keep reading ,[],[],0,0,0,2025-11-02 11:27:43,2025-11-02 11:27:43
514858276,0,7078392,201817,1,0,0,0,0,0,0,,[],[],0,0,0,2025-11-04 05:04:58,2025-11-04 05:04:58
515217767,1,7078392,86933,0,60,25,0,0,0,0,,[],[],0,20251105,0,2025-11-06 09:17:51,2025-11-12 02:15:42
515703002,1,7078392,176488,0,60,12,0,0,0,0,,[],[],0,20251108,0,2025-11-09 12:38:18,2025-11-09 12:38:18
515703598,1,7078392,182593,1,0,0,0,0,0,0,,[],[],0,0,0,2025-11-09 12:46:21,2025-11-09 12:46:21
515703610,1,7078392,136355,0,85,65,0,0,0,0,,[],[],0,0,0,2025-11-09 12:46:31,2025-11-12 02:14:51
515703628,1,7078392,133953,1,0,0,0,0,0,0,,[],[],0,0,0,2025-11-09 12:46:46,2025-11-09 12:46:46
515807675,1,7078392,169862,0,85,13,0,0,0,0,,[],[],0,20251109,0,2025-11-10 04:02:40,2025-11-10 04:02:40
516153291,1,7078392,170684,2,60,11,2,0,0,0,,[],[],0,0,20251111,2025-11-12 02:14:08,2025-11-12 04:17:31
516153399,1,7078392,168957,0,85,24,0,0,0,0,,[],[],0,20251111,0,2025-11-12 02:15:31,2025-11-12 02:15:31
516153584,1,7078392,155637,1,0,0,0,0,0,0,,[],[],0,0,0,2025-11-12 02:17:40,2025-11-12 02:17:40
517644642,1,7078392,183942,2,85,62,0,0,0,0,"insane art, made up the plot ""slip-ups"" but overall really good. Them talking about college apps lowkey pissed me off though :(",[],[],0,0,20251227,2025-11-22 06:18:14,2025-12-27 15:42:32
518095755,1,7078392,196510,0,85,23,0,0,0,0,,[],[],0,20251124,0,2025-11-25 10:13:21,2025-11-25 10:13:21
518256451,1,7078392,202572,0,85,11,0,0,0,0,,[],[],0,20251125,0,2025-11-26 10:35:16,2025-11-26 10:35:16
518267937,1,7078392,125571,2,85,18,4,0,0,0,,[],[],0,0,20251125,2025-11-26 12:02:38,2025-11-26 12:02:42
518353769,1,7078392,182687,0,60,47,0,0,0,0,,[],[],0,20251126,0,2025-11-27 01:49:08,2025-11-27 01:49:08
518357821,1,7078392,201591,0,85,8,0,0,0,0,,[],[],0,20251126,0,2025-11-27 02:34:42,2025-11-27 02:34:42
518384011,1,7078392,187460,0,85,40,0,0,0,0,,[],[],0,20251126,0,2025-11-27 05:38:24,2025-11-27 05:38:24
518384070,1,7078392,197369,3,60,2,0,0,0,0,,[],[],0,0,0,2025-11-27 05:39:04,2025-11-27 05:39:04
518384117,1,7078392,121443,0,85,4,0,0,0,0,,[],[],0,20251126,0,2025-11-27 05:39:39,2025-11-27 05:39:39
518406857,1,7078392,163469,2,60,70,0,0,0,0,random plot twists at the end for shock effect doesnt make a good story,[],[],0,20251126,20251126,2025-11-27 09:42:45,2025-11-28 10:08:00
518422398,1,7078392,187039,3,35,6,0,0,0,0,,[],[],0,0,0,2025-11-27 12:22:40,2025-11-27 12:22:40
518545993,1,7078392,154499,1,0,0,0,0,0,0,,[],[],0,0,0,2025-11-28 10:06:28,2025-11-28 10:06:28
518627441,1,7078392,167390,2,85,81,0,0,0,0,,[],[],0,0,20251128,2025-11-29 01:12:32,2025-11-29 01:12:32
518627509,1,7078392,180055,1,0,0,0,0,0,0,,[],[],0,0,0,2025-11-29 01:13:35,2025-11-29 01:13:35
518701364,1,7078392,105778,1,0,0,0,0,0,0,,[],[],0,0,0,2025-11-29 13:23:35,2025-11-29 13:23:35
518824171,1,7078392,188431,0,60,35,0,0,0,0,,[],[],0,20251129,0,2025-11-30 08:03:38,2025-11-30 08:03:38
518845855,1,7078392,199471,0,85,3,0,0,0,0,,[],[],0,20251129,0,2025-11-30 11:13:49,2025-11-30 11:13:49
518849511,1,7078392,187912,0,85,47,0,0,0,0,,[],[],0,20251129,0,2025-11-30 11:47:29,2025-11-30 11:47:29
519237803,1,7078392,180395,0,85,60,0,0,0,0,,[],[],0,20251201,0,2025-12-02 09:15:20,2025-12-02 09:15:20
519245372,1,7078392,139215,1,0,0,0,0,0,0,,[],[],0,0,0,2025-12-02 09:29:05,2025-12-02 09:29:05
519245700,1,7078392,157487,1,0,0,0,0,0,0,,[],[],0,0,0,2025-12-02 09:32:38,2025-12-02 09:32:38
519607708,1,7078392,176731,2,85,84,0,0,0,0,,[],[],0,0,20251203,2025-12-04 12:43:16,2025-12-04 12:43:21
520028161,1,7078392,178379,1,0,0,0,0,0,0,,[],[],0,0,0,2025-12-07 16:29:41,2025-12-07 16:29:41
520184943,1,7078392,111105,3,60,50,0,0,0,0,,[],[],0,0,0,2025-12-08 08:12:40,2025-12-08 08:12:40
520195586,1,7078392,175416,1,0,0,0,0,0,0,,[],[],0,0,0,2025-12-08 10:01:06,2025-12-08 10:01:06
520195655,1,7078392,129000,2,35,16,3,0,0,0,,[],[],0,0,20251221,2025-12-08 10:02:17,2025-12-21 20:23:56
520195707,1,7078392,111303,1,0,0,0,0,0,0,,[],[],0,0,0,2025-12-08 10:02:56,2025-12-08 10:02:56
520195743,1,7078392,186038,1,0,0,0,0,0,0,,[],[],0,0,0,2025-12-08 10:03:36,2025-12-08 10:03:36
520195809,1,7078392,184349,1,0,0,0,0,0,0,,[],[],0,0,0,2025-12-08 10:04:24,2025-12-08 10:04:24
520195907,1,7078392,181406,3,60,7,0,0,0,0,,[],[],0,0,0,2025-12-08 10:05:48,2025-12-09 06:40:44
522784497,1,7078392,204480,1,0,0,0,0,0,0,,[],[],0,0,0,2025-12-23 22:23:00,2025-12-23 22:23:00
524357786,1,7078392,181317,0,60,76,0,0,0,0,,[],[],0,20251231,0,2025-12-31 15:43:55,2025-12-31 15:43:55
524954930,1,7078392,188304,0,85,29,0,0,0,0,,[],[],0,20260102,0,2026-01-02 17:20:05,2026-01-02 17:20:05
524973617,1,7078392,163408,2,85,96,0,0,0,0,,[],[],0,0,20260125,2026-01-02 19:35:41,2026-01-25 15:10:33
525587872,1,7078392,180546,0,85,82,0,0,0,0,,[],[],0,20260104,0,2026-01-04 16:07:01,2026-01-04 16:07:01
525590908,1,7078392,128484,3,35,35,0,0,0,0,this shit is si so ahh,[],[],0,0,0,2026-01-04 16:24:50,2026-01-04 16:24:50
525839209,1,7078392,155459,3,35,6,0,0,0,0,slop,[],[],0,20260104,0,2026-01-05 06:16:38,2026-01-05 06:34:46
526572612,1,7078392,188361,1,0,0,0,0,0,0,,[],[],0,0,0,2026-01-07 11:47:13,2026-01-07 11:47:13
526575334,1,7078392,141245,0,85,6,0,0,0,0,,[],[],0,0,0,2026-01-07 12:09:39,2026-01-25 15:09:59
527089911,1,7078392,108774,2,0,55,0,0,0,0,,[],[],0,20260108,20260125,2026-01-09 07:49:32,2026-01-25 14:54:31
527585786,1,7078392,180410,1,0,0,0,0,0,0,,[],[],0,0,0,2026-01-11 00:07:50,2026-01-11 00:07:50
527585820,1,7078392,180428,3,0,46,0,0,0,0,,[],[],0,20260110,0,2026-01-11 00:08:08,2026-01-11 02:54:44
527585844,1,7078392,181018,0,0,2,0,0,0,0,,[],[],0,20260110,0,2026-01-11 00:08:21,2026-01-11 00:08:21
527585879,1,7078392,151133,0,60,9,0,0,0,0,,[],[],0,20260110,0,2026-01-11 00:08:34,2026-01-25 15:10:50
527585944,1,7078392,178152,0,0,48,0,0,0,0,,[],[],0,20260110,0,2026-01-11 00:09:03,2026-01-11 00:09:03
530047737,1,7078392,110720,2,85,46,0,0,0,0,,[],[],0,0,20260119,2026-01-20 09:28:37,2026-01-20 09:28:37
531297980,1,7078392,121482,0,85,24,0,0,0,0,,[],[],0,20260125,0,2026-01-25 15:08:41,2026-01-25 15:08:41
531298032,1,7078392,186963,0,85,3,0,0,0,0,,[],[],0,20260125,0,2026-01-25 15:09:15,2026-01-25 15:09:15
531298309,1,7078392,206797,0,0,0,0,0,0,0,,[],[],0,20260125,0,2026-01-25 15:09:25,2026-01-25 15:09:25
531307885,1,7078392,195198,1,0,0,0,0,0,0,,[],[],0,0,0,2026-01-25 16:07:58,2026-01-25 16:07:58
531706889,1,7078392,139477,3,60,35,0,0,0,0,,[],[],0,0,0,2026-01-27 05:15:29,2026-01-27 05:15:29
535835148,1,7078392,87170,0,85,7,0,0,0,0,,[],[],0,20260215,0,2026-02-16 11:24:48,2026-02-16 11:24:48
535835745,1,7078392,198022,0,60,10,0,0,0,0,,[],[],0,20260215,0,2026-02-16 11:25:12,2026-02-16 11:25:12
535835780,1,7078392,141585,3,60,5,0,0,0,0,,[],[],0,0,0,2026-02-16 11:25:45,2026-02-16 11:25:45
535835813,1,7078392,197840,0,85,44,0,0,0,0,,[],[],0,20260215,0,2026-02-16 11:26:15,2026-02-16 11:26:15
535835864,1,7078392,188190,3,35,10,0,0,0,0,8 billion ppl on earth and they have a teacher and graduated student get w each other??? so icky,[],[],0,0,0,2026-02-16 11:26:57,2026-02-16 11:26:57
535839069,1,7078392,179903,0,85,3,0,0,0,0,,[],[],0,20260215,0,2026-02-16 12:11:24,2026-02-16 12:11:24
536614382,1,7078392,117909,3,35,88,0,0,0,0,"THIS SHIT IS SO ASS. they genuinely LOST the plot and are addign some bs fake dating contract bs to tropemaxx and clichepill the series w popular tropes/cliches bro. also the FL had sm potential she couldve been written so well, but nah the girl who was brought up not allowed to think jut magically has a good business sense bc thats what she needs to get closer to the ML?? also every conflict always ends up as HER fault whose dumb misogynistic ass wrote ts iM SO MADDD THE ART IS SO PRETTY",[],[],0,0,0,2026-02-20 13:31:20,2026-02-20 13:31:20
538292928,1,7078392,97391,1,0,0,0,0,0,0,,[],[],0,0,0,2026-03-01 08:01:54,2026-03-01 08:01:54
